solid AssimpScene
 facet normal -0.998026609 -2.33689334e-05 0.0627916604
  outer loop
  vertex -0.00899474602 -0.11387147 -0.70212388
  vertex -0.00892377645 -0.1138715 -0.700995862
  vertex -0.00892380904 -0.112371504 -0.700995803
  endloop
 endfacet

 facet normal -0.968584776 -2.74028971e-05 0.248683661
  outer loop
  vertex -0.00892380904 -0.112371504 -0.700995803
  vertex -0.00892377645 -0.1138715 -0.700995862
  vertex -0.0083627468 -0.113871537 -0.698810756
  endloop
 endfacet

 facet normal -0.968582511 -1.34626589e-05 0.248692662
  outer loop
  vertex -0.00892380904 -0.112371504 -0.700995803
  vertex -0.0083627468 -0.113871537 -0.698810756
  vertex -0.00836275797 -0.112371542 -0.698810697
  endloop
 endfacet

 facet normal -0.876306176 -1.81830128e-05 0.481754601
  outer loop
  vertex -0.00836275797 -0.112371542 -0.698810697
  vertex -0.0083627468 -0.113871537 -0.698810756
  vertex -0.00727590872 -0.113871582 -0.696833789
  endloop
 endfacet

 facet normal -0.876309097 -2.72950565e-05 0.481749296
  outer loop
  vertex -0.00836275797 -0.112371542 -0.698810697
  vertex -0.00727590872 -0.113871582 -0.696833789
  vertex -0.00727592967 -0.112371571 -0.69683373
  endloop
 endfacet

 facet normal -0.728967965 -3.15707839e-05 0.684547842
  outer loop
  vertex -0.00727592967 -0.112371571 -0.69683373
  vertex -0.00727590872 -0.113871582 -0.696833789
  vertex -0.00573156588 -0.113871589 -0.695189238
  endloop
 endfacet

 facet normal -0.728968143 -3.20929103e-05 0.684547663
  outer loop
  vertex -0.00727592967 -0.112371571 -0.69683373
  vertex -0.00573156588 -0.113871589 -0.695189238
  vertex -0.00573159847 -0.112371594 -0.695189178
  endloop
 endfacet

 facet normal -0.535826147 -3.29402501e-05 0.844328344
  outer loop
  vertex -0.00573159847 -0.112371594 -0.695189178
  vertex -0.00573156588 -0.113871589 -0.695189238
  vertex -0.00382676744 -0.113871589 -0.693980396
  endloop
 endfacet

 facet normal -0.535826325 -3.32477284e-05 0.844328284
  outer loop
  vertex -0.00573159847 -0.112371594 -0.695189178
  vertex -0.00382676744 -0.113871589 -0.693980396
  vertex -0.00382678839 -0.112371579 -0.693980396
  endloop
 endfacet

 facet normal -0.30902192 -3.40268816e-05 0.95105499
  outer loop
  vertex -0.00382678839 -0.112371579 -0.693980396
  vertex -0.00382676744 -0.113871589 -0.693980396
  vertex -0.00168118475 -0.11387156 -0.69328326
  endloop
 endfacet

 facet normal -0.309021145 -3.29091308e-05 0.951055169
  outer loop
  vertex -0.00382678839 -0.112371579 -0.693980396
  vertex -0.00168118475 -0.11387156 -0.69328326
  vertex -0.00168121746 -0.112371564 -0.6932832
  endloop
 endfacet

 facet normal -0.0627918467 -2.64796327e-05 0.998026609
  outer loop
  vertex -0.00168121746 -0.112371564 -0.6932832
  vertex -0.00168118475 -0.11387156 -0.69328326
  vertex 0.000570359756 -0.113871515 -0.69314158
  endloop
 endfacet

 facet normal -0.0627918467 -2.64796327e-05 0.998026609
  outer loop
  vertex -0.00168121746 -0.112371564 -0.6932832
  vertex 0.000570359756 -0.113871515 -0.69314158
  vertex 0.000570326985 -0.112371519 -0.69314158
  endloop
 endfacet

 facet normal 0.187381938 -2.06217901e-05 0.982287169
  outer loop
  vertex 0.000570326985 -0.112371519 -0.69314158
  vertex 0.000570359756 -0.113871515 -0.69314158
  vertex 0.00278640166 -0.11387147 -0.693564355
  endloop
 endfacet

 facet normal 0.187381938 -2.06217901e-05 0.982287169
  outer loop
  vertex 0.000570326985 -0.112371519 -0.69314158
  vertex 0.00278640166 -0.11387147 -0.693564355
  vertex 0.00278636883 -0.11237146 -0.693564296
  endloop
 endfacet

 facet normal 0.425777256 -1.34683305e-05 0.904828012
  outer loop
  vertex 0.00278636883 -0.11237146 -0.693564296
  vertex 0.00278640166 -0.11387147 -0.693564355
  vertex 0.00482768752 -0.113871403 -0.694524884
  endloop
 endfacet

 facet normal 0.425777256 -1.34683305e-05 0.904828012
  outer loop
  vertex 0.00278636883 -0.11237146 -0.693564296
  vertex 0.00482768752 -0.113871403 -0.694524884
  vertex 0.00482765445 -0.112371407 -0.694524825
  endloop
 endfacet

 facet normal 0.63742137 -5.46856563e-06 0.770515382
  outer loop
  vertex 0.00482765445 -0.112371407 -0.694524825
  vertex 0.00482768752 -0.113871403 -0.694524884
  vertex 0.00656597456 -0.113871329 -0.695962906
  endloop
 endfacet

 facet normal 0.63742137 -5.46856563e-06 0.770515382
  outer loop
  vertex 0.00482765445 -0.112371407 -0.694524825
  vertex 0.00656597456 -0.113871329 -0.695962906
  vertex 0.0065659415 -0.112371333 -0.695962906
  endloop
 endfacet

 facet normal 0.80901736 2.87497414e-06 0.587784767
  outer loop
  vertex 0.0065659415 -0.112371333 -0.695962906
  vertex 0.00656597456 -0.113871329 -0.695962906
  vertex 0.0078920098 -0.113871254 -0.69778806
  endloop
 endfacet

 facet normal 0.80901736 2.87497414e-06 0.587784767
  outer loop
  vertex 0.0065659415 -0.112371333 -0.695962906
  vertex 0.0078920098 -0.113871254 -0.69778806
  vertex 0.00789197721 -0.112371258 -0.697788
  endloop
 endfacet

 facet normal 0.92977494 1.10375868e-05 0.368128479
  outer loop
  vertex 0.00789197721 -0.112371258 -0.697788
  vertex 0.0078920098 -0.113871254 -0.69778806
  vertex 0.00872251112 -0.113871187 -0.699885607
  endloop
 endfacet

 facet normal 0.92977494 1.10375868e-05 0.368128479
  outer loop
  vertex 0.00789197721 -0.112371258 -0.697788
  vertex 0.00872251112 -0.113871187 -0.699885607
  vertex 0.00872247852 -0.112371191 -0.699885607
  endloop
 endfacet

 facet normal 0.9921152 1.85070494e-05 0.125329465
  outer loop
  vertex 0.00872247852 -0.112371191 -0.699885607
  vertex 0.00872251112 -0.113871187 -0.699885607
  vertex 0.00900525507 -0.11387112 -0.702123821
  endloop
 endfacet

 facet normal 0.992114484 9.94979109e-06 0.125335082
  outer loop
  vertex 0.00872247852 -0.112371191 -0.699885607
  vertex 0.00900525507 -0.11387112 -0.702123821
  vertex 0.00900523365 -0.112371124 -0.702123821
  endloop
 endfacet

 facet normal 0.992114961 1.77799266e-05 -0.12533164
  outer loop
  vertex 0.00900523365 -0.112371124 -0.702123821
  vertex 0.00900525507 -0.11387112 -0.702123821
  vertex 0.00872250739 -0.113871075 -0.704362035
  endloop
 endfacet

 facet normal 0.992114723 2.01244111e-05 -0.125333175
  outer loop
  vertex 0.00900523365 -0.112371124 -0.702123821
  vertex 0.00872250739 -0.113871075 -0.704362035
  vertex 0.0087224748 -0.11237108 -0.704362035
  endloop
 endfacet

 facet normal 0.929777265 2.95605314e-05 -0.368122637
  outer loop
  vertex 0.0087224748 -0.11237108 -0.704362035
  vertex 0.00872250739 -0.113871075 -0.704362035
  vertex 0.00789202191 -0.113871038 -0.706459641
  endloop
 endfacet

 facet normal 0.929777622 2.78712814e-05 -0.368121624
  outer loop
  vertex 0.0087224748 -0.11237108 -0.704362035
  vertex 0.00789202191 -0.113871038 -0.706459641
  vertex 0.00789200142 -0.112371042 -0.706459582
  endloop
 endfacet

 facet normal 0.809015512 2.96669132e-05 -0.58778733
  outer loop
  vertex 0.00789200142 -0.112371042 -0.706459582
  vertex 0.00789202191 -0.113871038 -0.706459641
  vertex 0.00656598248 -0.113871023 -0.708284736
  endloop
 endfacet

 facet normal 0.809016407 2.74160466e-05 -0.587786138
  outer loop
  vertex 0.00789200142 -0.112371042 -0.706459582
  vertex 0.00656598248 -0.113871023 -0.708284736
  vertex 0.00656595873 -0.112371013 -0.708284736
  endloop
 endfacet

 facet normal 0.637428641 2.33725641e-05 -0.770509422
  outer loop
  vertex 0.00656595873 -0.112371013 -0.708284736
  vertex 0.00656598248 -0.113871023 -0.708284736
  vertex 0.00482771033 -0.113871008 -0.709722817
  endloop
 endfacet

 facet normal 0.637423456 3.33012904e-05 -0.770513654
  outer loop
  vertex 0.00656595873 -0.112371013 -0.708284736
  vertex 0.00482771033 -0.113871008 -0.709722817
  vertex 0.00482767774 -0.112371013 -0.709722757
  endloop
 endfacet

 facet normal 0.425780863 3.20597428e-05 -0.904826343
  outer loop
  vertex 0.00482767774 -0.112371013 -0.709722757
  vertex 0.00482771033 -0.113871008 -0.709722817
  vertex 0.00278642215 -0.113871031 -0.710683346
  endloop
 endfacet

 facet normal 0.425780863 3.20597428e-05 -0.904826343
  outer loop
  vertex 0.00482767774 -0.112371013 -0.709722757
  vertex 0.00278642215 -0.113871031 -0.710683346
  vertex 0.00278638932 -0.11237102 -0.710683346
  endloop
 endfacet

 facet normal 0.187382907 2.88037554e-05 -0.98228693
  outer loop
  vertex 0.00278638932 -0.11237102 -0.710683346
  vertex 0.00278642215 -0.113871031 -0.710683346
  vertex 0.000570379721 -0.113871053 -0.711106122
  endloop
 endfacet

 facet normal 0.187381938 3.0303363e-05 -0.982287228
  outer loop
  vertex 0.00278638932 -0.11237102 -0.710683346
  vertex 0.000570379721 -0.113871053 -0.711106122
  vertex 0.000570358767 -0.112371057 -0.711106062
  endloop
 endfacet

 facet normal -0.0627909824 3.02980534e-05 -0.998026729
  outer loop
  vertex 0.000570358767 -0.112371057 -0.711106062
  vertex 0.000570379721 -0.113871053 -0.711106122
  vertex -0.00168116903 -0.113871105 -0.710964441
  endloop
 endfacet

 facet normal -0.0627909824 3.02980534e-05 -0.998026729
  outer loop
  vertex 0.000570358767 -0.112371057 -0.711106062
  vertex -0.00168116903 -0.113871105 -0.710964441
  vertex -0.00168118998 -0.112371109 -0.710964382
  endloop
 endfacet

 facet normal -0.309018075 2.53897742e-05 -0.951056182
  outer loop
  vertex -0.00168118998 -0.112371109 -0.710964382
  vertex -0.00168116903 -0.113871105 -0.710964441
  vertex -0.0038267374 -0.11387115 -0.710267305
  endloop
 endfacet

 facet normal -0.309016317 2.26533939e-05 -0.951056719
  outer loop
  vertex -0.00168118998 -0.112371109 -0.710964382
  vertex -0.0038267374 -0.11387115 -0.710267305
  vertex -0.00382677023 -0.112371154 -0.710267246
  endloop
 endfacet

 facet normal -0.535825193 9.54367351e-06 -0.844329
  outer loop
  vertex -0.00382677023 -0.112371154 -0.710267246
  vertex -0.0038267374 -0.11387115 -0.710267305
  vertex -0.0057315533 -0.113871224 -0.709058464
  endloop
 endfacet

 facet normal -0.535825193 9.54367351e-06 -0.844329
  outer loop
  vertex -0.00382677023 -0.112371154 -0.710267246
  vertex -0.0057315533 -0.113871224 -0.709058464
  vertex -0.0057315859 -0.112371229 -0.709058404
  endloop
 endfacet

 facet normal -0.728966534 1.30716012e-06 -0.684549391
  outer loop
  vertex -0.0057315859 -0.112371229 -0.709058404
  vertex -0.0057315533 -0.113871224 -0.709058464
  vertex -0.00727589056 -0.113871299 -0.707413912
  endloop
 endfacet

 facet normal -0.728966534 1.30716012e-06 -0.684549391
  outer loop
  vertex -0.0057315859 -0.112371229 -0.709058404
  vertex -0.00727589056 -0.113871299 -0.707413912
  vertex -0.00727592316 -0.112371303 -0.707413912
  endloop
 endfacet

 facet normal -0.876305461 -7.01154022e-06 -0.481756032
  outer loop
  vertex -0.00727592316 -0.112371303 -0.707413912
  vertex -0.00727589056 -0.113871299 -0.707413912
  vertex -0.0083627291 -0.113871373 -0.705437005
  endloop
 endfacet

 facet normal -0.87630856 2.80202198e-06 -0.48175022
  outer loop
  vertex -0.00727592316 -0.112371303 -0.707413912
  vertex -0.0083627291 -0.113871373 -0.705437005
  vertex -0.00836274959 -0.112371378 -0.705436945
  endloop
 endfacet

 facet normal -0.968582571 -5.76759248e-06 -0.248692438
  outer loop
  vertex -0.00836274959 -0.112371378 -0.705436945
  vertex -0.0083627291 -0.113871373 -0.705437005
  vertex -0.0089237811 -0.11387144 -0.703251839
  endloop
 endfacet

 facet normal -0.968582571 -5.76759248e-06 -0.248692438
  outer loop
  vertex -0.00836274959 -0.112371378 -0.705436945
  vertex -0.0089237811 -0.11387144 -0.703251839
  vertex -0.00892380159 -0.112371445 -0.703251839
  endloop
 endfacet

 facet normal -0.998026848 -1.19861943e-05 -0.0627886206
  outer loop
  vertex -0.00892380159 -0.112371445 -0.703251839
  vertex -0.0089237811 -0.11387144 -0.703251839
  vertex -0.00899474602 -0.11387147 -0.70212388
  endloop
 endfacet

 facet normal -0.998883486 0.0472408608 -2.23861412e-06
  outer loop
  vertex -0.00892380159 -0.112371445 -0.703251839
  vertex -0.00899474602 -0.11387147 -0.70212388
  vertex -0.00892380904 -0.112371504 -0.700995803
  endloop
 endfacet

 facet normal 0.992114961 2.48132765e-05 -0.12533164
  outer loop
  vertex 0.00872266106 -0.121871077 -0.704362273
  vertex 0.00900540873 -0.121871121 -0.702124059
  vertex 0.00900544133 -0.123371132 -0.702124059
  endloop
 endfacet

 facet normal 0.993604124 0.0940388069 -0.0625099465
  outer loop
  vertex 0.00900544133 -0.123371132 -0.702124059
  vertex 0.00893447176 -0.123371094 -0.703252077
  vertex 0.00872266106 -0.121871077 -0.704362273
  endloop
 endfacet

 facet normal 0.982286394 1.95809826e-05 -0.187386155
  outer loop
  vertex 0.00872266106 -0.121871077 -0.704362273
  vertex 0.00893447176 -0.123371094 -0.703252077
  vertex 0.00872268155 -0.123371072 -0.704362273
  endloop
 endfacet

 facet normal 0.929777265 2.44928615e-05 -0.368122637
  outer loop
  vertex 0.00872266106 -0.121871077 -0.704362273
  vertex 0.00872268155 -0.123371072 -0.704362273
  vertex 0.00789217558 -0.121871039 -0.70645982
  endloop
 endfacet

 facet normal 0.946843684 0.0940481871 -0.307639837
  outer loop
  vertex 0.00872268155 -0.123371072 -0.704362273
  vertex 0.00837343279 -0.12337105 -0.705437183
  vertex 0.00789217558 -0.121871039 -0.70645982
  endloop
 endfacet

 facet normal 0.904829383 3.04662881e-05 -0.425774425
  outer loop
  vertex 0.00789217558 -0.121871039 -0.70645982
  vertex 0.00837343279 -0.12337105 -0.705437183
  vertex 0.00789220817 -0.123371035 -0.70645988
  endloop
 endfacet

 facet normal 0.809018135 3.24504035e-05 -0.587783694
  outer loop
  vertex 0.00789217558 -0.121871039 -0.70645982
  vertex 0.00789220817 -0.123371035 -0.70645988
  vertex 0.00656613382 -0.121871009 -0.708284974
  endloop
 endfacet

 facet normal 0.840588033 0.0940538943 -0.533446908
  outer loop
  vertex 0.00789220817 -0.123371035 -0.70645988
  vertex 0.00728660403 -0.12337102 -0.70741415
  vertex 0.00656613382 -0.121871009 -0.708284974
  endloop
 endfacet

 facet normal 0.77051276 3.28586284e-05 -0.637424648
  outer loop
  vertex 0.00656613382 -0.121871009 -0.708284974
  vertex 0.00728660403 -0.12337102 -0.70741415
  vertex 0.00656616641 -0.12337102 -0.708285034
  endloop
 endfacet

 facet normal 0.637423456 3.33012904e-05 -0.770513654
  outer loop
  vertex 0.00656613382 -0.121871009 -0.708284974
  vertex 0.00656616641 -0.12337102 -0.708285034
  vertex 0.00482785236 -0.121871009 -0.709722996
  endloop
 endfacet

 facet normal 0.681512058 0.0940505117 -0.725738168
  outer loop
  vertex 0.00656616641 -0.12337102 -0.708285034
  vertex 0.00574226119 -0.123371013 -0.709058702
  vertex 0.00482785236 -0.121871009 -0.709722996
  endloop
 endfacet

 facet normal 0.587785006 3.31862611e-05 -0.809017181
  outer loop
  vertex 0.00482785236 -0.121871009 -0.709722996
  vertex 0.00574226119 -0.123371013 -0.709058702
  vertex 0.00482788496 -0.123371005 -0.709723055
  endloop
 endfacet

 facet normal 0.425779551 3.20597246e-05 -0.90482688
  outer loop
  vertex 0.00482785236 -0.121871009 -0.709722996
  vertex 0.00482788496 -0.123371005 -0.709723055
  vertex 0.00278657582 -0.121871032 -0.710683584
  endloop
 endfacet

 facet normal 0.479616374 0.0940478072 -0.872423768
  outer loop
  vertex 0.00482788496 -0.123371005 -0.709723055
  vertex 0.00383746275 -0.123371013 -0.710267544
  vertex 0.00278657582 -0.121871032 -0.710683584
  endloop
 endfacet

 facet normal 0.368130147 3.41882078e-05 -0.929774284
  outer loop
  vertex 0.00278657582 -0.121871032 -0.710683584
  vertex 0.00383746275 -0.123371013 -0.710267544
  vertex 0.00278659677 -0.123371027 -0.710683584
  endloop
 endfacet

 facet normal 0.187382907 3.33025928e-05 -0.98228693
  outer loop
  vertex 0.00278657582 -0.121871032 -0.710683584
  vertex 0.00278659677 -0.123371027 -0.710683584
  vertex 0.000570533506 -0.121871054 -0.7111063
  endloop
 endfacet

 facet normal 0.247589529 0.094054535 -0.96428889
  outer loop
  vertex 0.00278659677 -0.123371027 -0.710683584
  vertex 0.00169188017 -0.123371042 -0.71096468
  vertex 0.000570533506 -0.121871054 -0.7111063
  endloop
 endfacet

 facet normal 0.125326931 2.76962019e-05 -0.992115498
  outer loop
  vertex 0.000570533506 -0.121871054 -0.7111063
  vertex 0.00169188017 -0.123371042 -0.71096468
  vertex 0.000570566219 -0.12337105 -0.7111063
  endloop
 endfacet

 facet normal -0.0627860352 2.37379918e-05 -0.998027027
  outer loop
  vertex 0.000570533506 -0.121871054 -0.7111063
  vertex 0.000570566219 -0.12337105 -0.7111063
  vertex -0.00168100616 -0.121871106 -0.71096462
  endloop
 endfacet

 facet normal 7.23265975e-06 0.0940507278 -0.995567441
  outer loop
  vertex 0.000570566219 -0.12337105 -0.7111063
  vertex -0.00055966439 -0.123371072 -0.71110636
  vertex -0.00168100616 -0.121871106 -0.71096462
  endloop
 endfacet

 facet normal -0.125343353 1.51901822e-05 -0.992113471
  outer loop
  vertex -0.00168100616 -0.121871106 -0.71096462
  vertex -0.00055966439 -0.123371072 -0.71110636
  vertex -0.00168098253 -0.123371102 -0.71096468
  endloop
 endfacet

 facet normal -0.309016407 1.15863641e-05 -0.951056719
  outer loop
  vertex -0.00168100616 -0.121871106 -0.71096462
  vertex -0.00168098253 -0.123371102 -0.71096468
  vertex -0.00382659561 -0.121871151 -0.710267484
  endloop
 endfacet

 facet normal -0.24758172 0.0940431878 -0.964292049
  outer loop
  vertex -0.00168098253 -0.123371102 -0.71096468
  vertex -0.00277570635 -0.123371132 -0.710683584
  vertex -0.00382659561 -0.121871151 -0.710267484
  endloop
 endfacet

 facet normal -0.368124902 1.53546716e-05 -0.929776371
  outer loop
  vertex -0.00382659561 -0.121871151 -0.710267484
  vertex -0.00277570635 -0.123371132 -0.710683584
  vertex -0.00382656278 -0.123371162 -0.710267544
  endloop
 endfacet

 facet normal -0.535823286 9.54374536e-06 -0.844330192
  outer loop
  vertex -0.00382659561 -0.121871151 -0.710267484
  vertex -0.00382656278 -0.123371162 -0.710267544
  vertex -0.00573140197 -0.121871226 -0.709058702
  endloop
 endfacet

 facet normal -0.479617298 0.094030723 -0.872425079
  outer loop
  vertex -0.00382656278 -0.123371162 -0.710267544
  vertex -0.00481699174 -0.123371199 -0.709723055
  vertex -0.00573140197 -0.121871226 -0.709058702
  endloop
 endfacet

 facet normal -0.587782621 7.52098367e-06 -0.809019029
  outer loop
  vertex -0.00573140197 -0.121871226 -0.709058702
  vertex -0.00481699174 -0.123371199 -0.709723055
  vertex -0.00573136937 -0.123371221 -0.709058702
  endloop
 endfacet

 facet normal -0.728971422 1.30692047e-06 -0.684544146
  outer loop
  vertex -0.00573140197 -0.121871226 -0.709058702
  vertex -0.00573136937 -0.123371221 -0.709058702
  vertex -0.00727573689 -0.1218713 -0.70741415
  endloop
 endfacet

 facet normal -0.681513429 0.0940341204 -0.725738943
  outer loop
  vertex -0.00727573689 -0.1218713 -0.70741415
  vertex -0.00573136937 -0.123371221 -0.709058702
  vertex -0.00655527925 -0.123371258 -0.708285034
  endloop
 endfacet

 facet normal -0.77051276 9.14336397e-06 -0.637424648
  outer loop
  vertex -0.00655527925 -0.123371258 -0.708285034
  vertex -0.00727571594 -0.123371296 -0.70741415
  vertex -0.00727573689 -0.1218713 -0.70741415
  endloop
 endfacet

 facet normal -0.844329476 4.93806238e-06 -0.535824478
  outer loop
  vertex -0.00727573689 -0.1218713 -0.70741415
  vertex -0.00727571594 -0.123371296 -0.70741415
  vertex -0.00788131449 -0.123371333 -0.70645988
  endloop
 endfacet

 facet normal -0.87532711 0.0472573899 -0.481216371
  outer loop
  vertex -0.00727573689 -0.1218713 -0.70741415
  vertex -0.00788131449 -0.123371333 -0.70645988
  vertex -0.00836257543 -0.121871375 -0.705437183
  endloop
 endfacet

 facet normal -0.904828727 -9.04264289e-06 -0.425775647
  outer loop
  vertex -0.00788131449 -0.123371333 -0.70645988
  vertex -0.00836254284 -0.12337137 -0.705437243
  vertex -0.00836257543 -0.121871375 -0.705437183
  endloop
 endfacet

 facet normal -0.951052785 -1.29889904e-05 -0.309028447
  outer loop
  vertex -0.00836257543 -0.121871375 -0.705437183
  vertex -0.00836254284 -0.12337137 -0.705437243
  vertex -0.00871181581 -0.123371407 -0.704362333
  endloop
 endfacet

 facet normal -0.967501581 0.0472533181 -0.248410732
  outer loop
  vertex -0.00836257543 -0.121871375 -0.705437183
  vertex -0.00871181581 -0.123371407 -0.704362333
  vertex -0.00892361812 -0.121871442 -0.703252077
  endloop
 endfacet

 facet normal -0.982289553 -1.67317139e-05 -0.187369063
  outer loop
  vertex -0.00892361812 -0.121871442 -0.703252077
  vertex -0.00871181581 -0.123371407 -0.704362333
  vertex -0.00892358553 -0.123371437 -0.703252137
  endloop
 endfacet

 facet normal -0.998026371 -2.02093433e-05 -0.0627960041
  outer loop
  vertex -0.00892361812 -0.121871442 -0.703252077
  vertex -0.00892358553 -0.123371437 -0.703252137
  vertex -0.00899459235 -0.121871471 -0.702124059
  endloop
 endfacet

 facet normal -0.998026371 -2.02093433e-05 -0.0627960041
  outer loop
  vertex -0.00899459235 -0.121871471 -0.702124059
  vertex -0.00892358553 -0.123371437 -0.703252137
  vertex -0.00899455976 -0.123371467 -0.702124119
  endloop
 endfacet

 facet normal -0.998026609 -2.33689334e-05 0.0627916604
  outer loop
  vertex -0.00899459235 -0.121871471 -0.702124059
  vertex -0.00899455976 -0.123371467 -0.702124119
  vertex -0.00892362278 -0.121871501 -0.700996041
  endloop
 endfacet

 facet normal -0.998027325 -1.59086685e-05 0.0627817884
  outer loop
  vertex -0.00899455976 -0.123371467 -0.702124119
  vertex -0.00892360229 -0.123371497 -0.700996101
  vertex -0.00892362278 -0.121871501 -0.700996041
  endloop
 endfacet

 facet normal -0.982286394 -1.95809826e-05 0.187386155
  outer loop
  vertex -0.00892362278 -0.121871501 -0.700996041
  vertex -0.00892360229 -0.123371497 -0.700996101
  vertex -0.00871181209 -0.123371519 -0.699885905
  endloop
 endfacet

 facet normal -0.967502236 0.0472333878 0.248412013
  outer loop
  vertex -0.00892362278 -0.121871501 -0.700996041
  vertex -0.00871181209 -0.123371519 -0.699885905
  vertex -0.00836258382 -0.121871538 -0.698810935
  endloop
 endfacet

 facet normal -0.951056182 -2.85381211e-05 0.309018075
  outer loop
  vertex -0.00871181209 -0.123371519 -0.699885905
  vertex -0.00836255029 -0.123371549 -0.698810995
  vertex -0.00836258382 -0.121871538 -0.698810935
  endloop
 endfacet

 facet normal -0.904829383 -3.04662881e-05 0.425774425
  outer loop
  vertex -0.00836258382 -0.121871538 -0.698810935
  vertex -0.00836255029 -0.123371549 -0.698810995
  vertex -0.0078813266 -0.123371564 -0.697788298
  endloop
 endfacet

 facet normal -0.875327706 0.0472325869 0.481217682
  outer loop
  vertex -0.00836258382 -0.121871538 -0.698810935
  vertex -0.0078813266 -0.123371564 -0.697788298
  vertex -0.00727574574 -0.121871583 -0.696834028
  endloop
 endfacet

 facet normal -0.844323814 -3.191422e-05 0.535833359
  outer loop
  vertex -0.0078813266 -0.123371564 -0.697788298
  vertex -0.00727571314 -0.123371579 -0.696834028
  vertex -0.00727574574 -0.121871583 -0.696834028
  endloop
 endfacet

 facet normal -0.770522773 -3.28585411e-05 0.637412488
  outer loop
  vertex -0.00727574574 -0.121871583 -0.696834028
  vertex -0.00727571314 -0.123371579 -0.696834028
  vertex -0.00655529648 -0.123371586 -0.695963204
  endloop
 endfacet

 facet normal -0.728159428 0.0472318679 0.683778465
  outer loop
  vertex -0.00727574574 -0.121871583 -0.696834028
  vertex -0.00655529648 -0.123371586 -0.695963204
  vertex -0.00573142385 -0.121871591 -0.695189416
  endloop
 endfacet

 facet normal -0.684546351 -3.32849086e-05 0.728969455
  outer loop
  vertex -0.00655529648 -0.123371586 -0.695963204
  vertex -0.00573139079 -0.123371586 -0.695189476
  vertex -0.00573142385 -0.121871591 -0.695189416
  endloop
 endfacet

 facet normal -0.587785006 -3.31862611e-05 0.809017181
  outer loop
  vertex -0.00573142385 -0.121871591 -0.695189416
  vertex -0.00573139079 -0.123371586 -0.695189476
  vertex -0.00481701503 -0.123371579 -0.694525123
  endloop
 endfacet

 facet normal -0.535229027 0.0472261049 0.843385816
  outer loop
  vertex -0.00573142385 -0.121871591 -0.695189416
  vertex -0.00481701503 -0.123371579 -0.694525123
  vertex -0.00382661354 -0.121871576 -0.693980634
  endloop
 endfacet

 facet normal -0.481754035 -3.25642541e-05 0.876306534
  outer loop
  vertex -0.00481701503 -0.123371579 -0.694525123
  vertex -0.00382658094 -0.123371586 -0.693980634
  vertex -0.00382661354 -0.121871576 -0.693980634
  endloop
 endfacet

 facet normal -0.36812672 -3.14287099e-05 0.929775655
  outer loop
  vertex -0.00382661354 -0.121871576 -0.693980634
  vertex -0.00382658094 -0.123371586 -0.693980634
  vertex -0.00277572684 -0.123371579 -0.693564594
  endloop
 endfacet

 facet normal -0.308669269 0.047232192 0.949995995
  outer loop
  vertex -0.00382661354 -0.121871576 -0.693980634
  vertex -0.00277572684 -0.123371579 -0.693564594
  vertex -0.00168103364 -0.121871561 -0.693283498
  endloop
 endfacet

 facet normal -0.248693332 -2.06754376e-05 0.968582273
  outer loop
  vertex -0.00277572684 -0.123371579 -0.693564594
  vertex -0.00168101001 -0.123371556 -0.693283498
  vertex -0.00168103364 -0.121871561 -0.693283498
  endloop
 endfacet

 facet normal -0.125333562 -1.91392337e-05 0.992114663
  outer loop
  vertex -0.00168103364 -0.121871561 -0.693283498
  vertex -0.00168101001 -0.123371556 -0.693283498
  vertex -0.000559684355 -0.123371542 -0.693141878
  endloop
 endfacet

 facet normal -0.0627227053 0.0472404324 0.99691236
  outer loop
  vertex -0.00168103364 -0.121871561 -0.693283498
  vertex -0.000559684355 -0.123371542 -0.693141878
  vertex 0.000570510863 -0.121871516 -0.693141818
  endloop
 endfacet

 facet normal 9.16850877e-06 -2.51581914e-05 1
  outer loop
  vertex -0.000559684355 -0.123371542 -0.693141878
  vertex 0.000570543576 -0.123371527 -0.693141878
  vertex 0.000570510863 -0.121871516 -0.693141818
  endloop
 endfacet

 facet normal 0.12532486 -2.22239087e-05 0.992115736
  outer loop
  vertex 0.000570510863 -0.121871516 -0.693141818
  vertex 0.000570543576 -0.123371527 -0.693141878
  vertex 0.00169186445 -0.123371504 -0.693283498
  endloop
 endfacet

 facet normal 0.18716751 0.0472418629 0.981191397
  outer loop
  vertex 0.000570510863 -0.121871516 -0.693141818
  vertex 0.00169186445 -0.123371504 -0.693283498
  vertex 0.00278654369 -0.121871471 -0.693564534
  endloop
 endfacet

 facet normal 0.248691425 -1.89384846e-05 0.968582809
  outer loop
  vertex 0.00169186445 -0.123371504 -0.693283498
  vertex 0.00278657628 -0.123371467 -0.693564594
  vertex 0.00278654369 -0.121871471 -0.693564534
  endloop
 endfacet

 facet normal 0.368124902 -1.53546716e-05 0.929776371
  outer loop
  vertex 0.00278654369 -0.121871471 -0.693564534
  vertex 0.00278657628 -0.123371467 -0.693564594
  vertex 0.00383743295 -0.123371437 -0.693980634
  endloop
 endfacet

 facet normal 0.425303191 0.0472456962 0.903816938
  outer loop
  vertex 0.00278654369 -0.121871471 -0.693564534
  vertex 0.00383743295 -0.123371437 -0.693980634
  vertex 0.00482783839 -0.121871404 -0.694525123
  endloop
 endfacet

 facet normal 0.481753826 -1.1528683e-05 0.876306653
  outer loop
  vertex 0.00383743295 -0.123371437 -0.693980634
  vertex 0.00482787099 -0.1233714 -0.694525123
  vertex 0.00482783839 -0.121871404 -0.694525123
  endloop
 endfacet

 facet normal 0.587782621 -7.52098367e-06 0.809019029
  outer loop
  vertex 0.00482783839 -0.121871404 -0.694525123
  vertex 0.00482787099 -0.1233714 -0.694525123
  vertex 0.00574224861 -0.123371363 -0.695189476
  endloop
 endfacet

 facet normal 0.636707127 0.0472525284 0.769656658
  outer loop
  vertex 0.00482783839 -0.121871404 -0.694525123
  vertex 0.00574224861 -0.123371363 -0.695189476
  vertex 0.00656611659 -0.12187133 -0.695963144
  endloop
 endfacet

 facet normal 0.684542894 -3.39464805e-06 0.728972673
  outer loop
  vertex 0.00656611659 -0.12187133 -0.695963144
  vertex 0.00574224861 -0.123371363 -0.695189476
  vertex 0.00656614918 -0.123371325 -0.695963144
  endloop
 endfacet

 facet normal 0.809017301 2.87496778e-06 0.587784946
  outer loop
  vertex 0.00656611659 -0.12187133 -0.695963144
  vertex 0.00656614918 -0.123371325 -0.695963144
  vertex 0.00789216161 -0.121871255 -0.697788239
  endloop
 endfacet

 facet normal 0.767098367 0.0940198749 0.634602547
  outer loop
  vertex 0.00656614918 -0.123371325 -0.695963144
  vertex 0.00728658587 -0.123371303 -0.696834028
  vertex 0.00789216161 -0.121871255 -0.697788239
  endloop
 endfacet

 facet normal 0.844328761 4.95311315e-06 0.53582561
  outer loop
  vertex 0.00789216161 -0.121871255 -0.697788239
  vertex 0.00728658587 -0.123371303 -0.696834028
  vertex 0.0078921942 -0.123371266 -0.697788298
  endloop
 endfacet

 facet normal 0.929775655 1.1037645e-05 0.368126839
  outer loop
  vertex 0.00789216161 -0.121871255 -0.697788239
  vertex 0.0078921942 -0.123371266 -0.697788298
  vertex 0.00872265361 -0.121871188 -0.699885845
  endloop
 endfacet

 facet normal 0.900814056 0.0940320864 0.423900843
  outer loop
  vertex 0.0078921942 -0.123371266 -0.697788298
  vertex 0.00837342441 -0.123371229 -0.698810935
  vertex 0.00872265361 -0.121871188 -0.699885845
  endloop
 endfacet

 facet normal 0.951056659 1.29893724e-05 0.309016675
  outer loop
  vertex 0.00872265361 -0.121871188 -0.699885845
  vertex 0.00837342441 -0.123371229 -0.698810935
  vertex 0.00872268621 -0.123371199 -0.699885845
  endloop
 endfacet

 facet normal 0.992114484 1.85068911e-05 0.125335082
  outer loop
  vertex 0.00872265361 -0.121871188 -0.699885845
  vertex 0.00872268621 -0.123371199 -0.699885845
  vertex 0.00900540873 -0.121871121 -0.702124059
  endloop
 endfacet

 facet normal 0.977932692 0.094039388 0.186558738
  outer loop
  vertex 0.00900540873 -0.121871121 -0.702124059
  vertex 0.00872268621 -0.123371199 -0.699885845
  vertex 0.00893447641 -0.123371162 -0.700996101
  endloop
 endfacet

 facet normal 0.998026848 2.02095434e-05 0.0627886206
  outer loop
  vertex 0.00900540873 -0.121871121 -0.702124059
  vertex 0.00893447641 -0.123371162 -0.700996101
  vertex 0.00900544133 -0.123371132 -0.702124059
  endloop
 endfacet

 facet normal 0.707077324 0.500031888 0.500009716
  outer loop
  vertex 0.00630521728 -0.11137075 -0.718681693
  vertex 0.00650522439 -0.111570731 -0.718764544
  vertex 0.00650522253 -0.111370742 -0.718964517
  endloop
 endfacet

 facet normal -1 -2.1832413e-05 5.26548138e-06
  outer loop
  vertex -0.00499478076 -0.11137075 -0.726681709
  vertex -0.00499473698 -0.113370754 -0.726681709
  vertex -0.00499477005 -0.111370802 -0.724681675
  endloop
 endfacet

 facet normal 2.07252833e-06 2.51584388e-05 -1
  outer loop
  vertex -0.00499473698 -0.113370754 -0.726681709
  vertex -0.00499478076 -0.11137075 -0.726681709
  vertex 0.00150522625 -0.111370623 -0.72668165
  endloop
 endfacet

 facet normal 6.69732515e-07 2.51584061e-05 -1
  outer loop
  vertex 0.0015054656 -0.12437062 -0.726682007
  vertex -0.00499452977 -0.124370746 -0.726682007
  vertex -0.00499457354 -0.122370757 -0.726681948
  endloop
 endfacet

 facet normal 5.13724842e-07 2.56362309e-05 -1
  outer loop
  vertex -0.0174945686 -0.122370988 -0.726681948
  vertex -0.0174947325 -0.113371 -0.726681769
  vertex -0.00499457354 -0.122370757 -0.726681948
  endloop
 endfacet

 facet normal 1.05932736e-06 2.53973267e-05 -1
  outer loop
  vertex -0.00499457354 -0.122370757 -0.726681948
  vertex -0.0174947325 -0.113371 -0.726681769
  vertex -0.00499473698 -0.113370754 -0.726681709
  endloop
 endfacet

 facet normal 1.13733108e-06 2.5158417e-05 -1
  outer loop
  vertex -0.00499457354 -0.122370757 -0.726681948
  vertex -0.00499473698 -0.113370754 -0.726681709
  vertex 0.0015054656 -0.12437062 -0.726682007
  endloop
 endfacet

 facet normal 1.60492971e-06 2.51584261e-05 -1
  outer loop
  vertex 0.0015054656 -0.12437062 -0.726682007
  vertex -0.00499473698 -0.113370754 -0.726681709
  vertex 0.00150522625 -0.111370623 -0.72668165
  endloop
 endfacet

 facet normal 0.800116301 -0.382679462 0.46192041
  outer loop
  vertex -0.00390482019 -0.117573857 -0.697573006
  vertex -0.00339417649 -0.117573708 -0.69845742
  vertex -0.00381556642 -0.117296487 -0.697497845
  endloop
 endfacet

 facet normal 0.800098538 -0.382713944 0.461922497
  outer loop
  vertex -0.00381556642 -0.117296487 -0.697497845
  vertex -0.00339417649 -0.117573708 -0.69845742
  vertex -0.00330708805 -0.117296457 -0.698378563
  endloop
 endfacet

 facet normal 0.687048852 -0.608799636 0.396644771
  outer loop
  vertex -0.00381556642 -0.117296487 -0.697497845
  vertex -0.00330708805 -0.117296457 -0.698378563
  vertex -0.00367115648 -0.117058203 -0.697382271
  endloop
 endfacet

 facet normal 0.68702352 -0.608829498 0.396642625
  outer loop
  vertex -0.00367115648 -0.117058203 -0.697382271
  vertex -0.00330708805 -0.117296457 -0.698378563
  vertex -0.00316554843 -0.117058188 -0.698257983
  endloop
 endfacet

 facet normal 0.527146578 -0.793408871 0.304333389
  outer loop
  vertex -0.00367115648 -0.117058203 -0.697382271
  vertex -0.00316554843 -0.117058188 -0.698257983
  vertex -0.00347885047 -0.116875559 -0.697239161
  endloop
 endfacet

 facet normal 0.527180851 -0.793383837 0.304339409
  outer loop
  vertex -0.00347885047 -0.116875559 -0.697239161
  vertex -0.00316554843 -0.117058188 -0.698257983
  vertex -0.00297606969 -0.116875529 -0.698110044
  endloop
 endfacet

 facet normal 0.33160913 -0.923793018 0.1914206
  outer loop
  vertex -0.00347885047 -0.116875559 -0.697239161
  vertex -0.00297606969 -0.116875529 -0.698110044
  vertex -0.00324923662 -0.116760835 -0.697083294
  endloop
 endfacet

 facet normal 0.321722537 -0.92773205 0.189230233
  outer loop
  vertex -0.00324923662 -0.116760835 -0.697083294
  vertex -0.00297606969 -0.116875529 -0.698110044
  vertex -0.00272944197 -0.116754934 -0.697938085
  endloop
 endfacet

 facet normal 0.112020165 -0.991815269 0.0612686127
  outer loop
  vertex -0.00324923662 -0.116760835 -0.697083294
  vertex -0.00272944197 -0.116754934 -0.697938085
  vertex -0.0029881706 -0.116721511 -0.696924031
  endloop
 endfacet

 facet normal 0.104965828 -0.992694497 0.0594977662
  outer loop
  vertex -0.0029881706 -0.116721511 -0.696924031
  vertex -0.00272944197 -0.116754934 -0.697938085
  vertex -0.00249469909 -0.116721466 -0.697793782
  endloop
 endfacet

 facet normal -0.117826596 -0.990777969 -0.0669027343
  outer loop
  vertex -0.0029881706 -0.116721511 -0.696924031
  vertex -0.00249469909 -0.116721466 -0.697793782
  vertex -0.0027297507 -0.116761729 -0.696783543
  endloop
 endfacet

 facet normal -0.112949513 -0.991419971 -0.0657935739
  outer loop
  vertex -0.0027297507 -0.116761729 -0.696783543
  vertex -0.00249469909 -0.116721466 -0.697793782
  vertex -0.00223213132 -0.116760753 -0.697652459
  endloop
 endfacet

 facet normal -0.333019584 -0.923217237 -0.191749319
  outer loop
  vertex -0.0027297507 -0.116761729 -0.696783543
  vertex -0.00223213132 -0.116760753 -0.697652459
  vertex -0.00248292065 -0.116875552 -0.696664214
  endloop
 endfacet

 facet normal -0.33152017 -0.92382127 -0.191439003
  outer loop
  vertex -0.00248292065 -0.116875552 -0.696664214
  vertex -0.00223213132 -0.116760753 -0.697652459
  vertex -0.00198014011 -0.116875522 -0.697535038
  endloop
 endfacet

 facet normal -0.527246714 -0.793302476 -0.304437339
  outer loop
  vertex -0.00248292065 -0.116875552 -0.696664214
  vertex -0.00198014011 -0.116875522 -0.697535038
  vertex -0.00226264936 -0.117058448 -0.696569085
  endloop
 endfacet

 facet normal -0.527273476 -0.793283105 -0.304441512
  outer loop
  vertex -0.00226264936 -0.117058448 -0.696569085
  vertex -0.00198014011 -0.116875522 -0.697535038
  vertex -0.00175698509 -0.117058478 -0.697444797
  endloop
 endfacet

 facet normal -0.687094986 -0.608689606 -0.396733433
  outer loop
  vertex -0.00226264936 -0.117058448 -0.696569085
  vertex -0.00175698509 -0.117058478 -0.697444797
  vertex -0.00209056307 -0.117296495 -0.696501911
  endloop
 endfacet

 facet normal -0.687125981 -0.608653426 -0.396735281
  outer loop
  vertex -0.00209056307 -0.117296495 -0.696501911
  vertex -0.00175698509 -0.117058478 -0.697444797
  vertex -0.00158208469 -0.117296457 -0.697382629
  endloop
 endfacet

 facet normal -0.800032377 -0.382863373 -0.461913288
  outer loop
  vertex -0.00209056307 -0.117296495 -0.696501911
  vertex -0.00158208469 -0.117296457 -0.697382629
  vertex -0.00198092056 -0.117573448 -0.696462274
  endloop
 endfacet

 facet normal -0.80001086 -0.382904559 -0.461916298
  outer loop
  vertex -0.00198092056 -0.117573448 -0.696462274
  vertex -0.00158208469 -0.117296457 -0.697382629
  vertex -0.00147035683 -0.117573246 -0.697346687
  endloop
 endfacet

 facet normal -0.858613908 -0.130663991 -0.495690465
  outer loop
  vertex -0.00198092056 -0.117573448 -0.696462274
  vertex -0.00147035683 -0.117573246 -0.697346687
  vertex -0.00194313517 -0.117871486 -0.696449161
  endloop
 endfacet

 facet normal -0.858575344 -0.130810335 -0.495718777
  outer loop
  vertex -0.00194313517 -0.117871486 -0.696449161
  vertex -0.00147035683 -0.117573246 -0.697346687
  vertex -0.00143171358 -0.117871448 -0.697334945
  endloop
 endfacet

 facet normal -0.858587205 0.130743906 -0.495715737
  outer loop
  vertex -0.00194313517 -0.117871486 -0.696449161
  vertex -0.00143171358 -0.117871448 -0.697334945
  vertex -0.00198095199 -0.118169658 -0.696462274
  endloop
 endfacet

 facet normal -0.858590007 0.130827636 -0.495688856
  outer loop
  vertex -0.00198095199 -0.118169658 -0.696462274
  vertex -0.00143171358 -0.117871448 -0.697334945
  vertex -0.00147036475 -0.11816971 -0.697346687
  endloop
 endfacet

 facet normal -0.800024986 0.382901758 -0.461894155
  outer loop
  vertex -0.00198095199 -0.118169658 -0.696462274
  vertex -0.00147036475 -0.11816971 -0.697346687
  vertex -0.00209054979 -0.118446492 -0.69650197
  endloop
 endfacet

 facet normal -0.800025284 0.382900447 -0.461894751
  outer loop
  vertex -0.00209054979 -0.118446492 -0.69650197
  vertex -0.00147036475 -0.11816971 -0.697346687
  vertex -0.00158205954 -0.118446454 -0.697382629
  endloop
 endfacet

 facet normal -0.687111318 0.608696759 -0.396694154
  outer loop
  vertex -0.00209054979 -0.118446492 -0.69650197
  vertex -0.00158205954 -0.118446454 -0.697382629
  vertex -0.00226261397 -0.118684508 -0.696569145
  endloop
 endfacet

 facet normal -0.687112212 0.608694971 -0.396695435
  outer loop
  vertex -0.00226261397 -0.118684508 -0.696569145
  vertex -0.00158205954 -0.118446454 -0.697382629
  vertex -0.00175699417 -0.118684478 -0.697444856
  endloop
 endfacet

 facet normal -0.527304411 0.79327029 -0.304421246
  outer loop
  vertex -0.00226261397 -0.118684508 -0.696569145
  vertex -0.00175699417 -0.118684478 -0.697444856
  vertex -0.00248287735 -0.11886742 -0.696664274
  endloop
 endfacet

 facet normal -0.527287364 0.793289483 -0.304400891
  outer loop
  vertex -0.00248287735 -0.11886742 -0.696664274
  vertex -0.00175699417 -0.118684478 -0.697444856
  vertex -0.00198009657 -0.11886739 -0.697535098
  endloop
 endfacet

 facet normal -0.332716614 0.923261881 -0.192060024
  outer loop
  vertex -0.00248287735 -0.11886742 -0.696664274
  vertex -0.00198009657 -0.11886739 -0.697535098
  vertex -0.00272997445 -0.118981332 -0.696783781
  endloop
 endfacet

 facet normal -0.331674993 0.923871279 -0.190928012
  outer loop
  vertex -0.00272997445 -0.118981332 -0.696783781
  vertex -0.00198009657 -0.11886739 -0.697535098
  vertex -0.00223228708 -0.118982218 -0.697652638
  endloop
 endfacet

 facet normal -0.114233822 0.991229236 -0.0664487407
  outer loop
  vertex -0.00272997445 -0.118981332 -0.696783781
  vertex -0.00223228708 -0.118982218 -0.697652638
  vertex -0.00299464515 -0.11902149 -0.696927845
  endloop
 endfacet

 facet normal -0.113132864 0.991433084 -0.0652796775
  outer loop
  vertex -0.00299464515 -0.11902149 -0.696927845
  vertex -0.00223228708 -0.118982218 -0.697652638
  vertex -0.0024946488 -0.11902146 -0.697793841
  endloop
 endfacet

 facet normal 0.113003097 0.991447866 0.0652796328
  outer loop
  vertex -0.00299464515 -0.11902149 -0.696927845
  vertex -0.0024946488 -0.11902146 -0.697793841
  vertex -0.00324868946 -0.118982315 -0.697082996
  endloop
 endfacet

 facet normal 0.106003545 0.992685378 0.0577864721
  outer loop
  vertex -0.00324868946 -0.118982315 -0.697082996
  vertex -0.0024946488 -0.11902146 -0.697793841
  vertex -0.00272939331 -0.118987992 -0.697938144
  endloop
 endfacet

 facet normal 0.329609752 0.923963428 0.194033563
  outer loop
  vertex -0.00324868946 -0.118982315 -0.697082996
  vertex -0.00272939331 -0.118987992 -0.697938144
  vertex -0.00347881881 -0.118867412 -0.69723922
  endloop
 endfacet

 facet normal 0.323394686 0.92765677 0.186732009
  outer loop
  vertex -0.00347881881 -0.118867412 -0.69723922
  vertex -0.00272939331 -0.118987992 -0.697938144
  vertex -0.00297603803 -0.118867397 -0.698110104
  endloop
 endfacet

 facet normal 0.527223647 0.793328106 0.304410487
  outer loop
  vertex -0.00347881881 -0.118867412 -0.69723922
  vertex -0.00297603803 -0.118867397 -0.698110104
  vertex -0.00367126241 -0.11868459 -0.69738239
  endloop
 endfacet

 facet normal 0.527234733 0.79331547 0.304424167
  outer loop
  vertex -0.00367126241 -0.11868459 -0.69738239
  vertex -0.00297603803 -0.118867397 -0.698110104
  vertex -0.00316563062 -0.11868459 -0.698258102
  endloop
 endfacet

 facet normal 0.687071204 0.608730495 0.396711886
  outer loop
  vertex -0.00367126241 -0.11868459 -0.69738239
  vertex -0.00316563062 -0.11868459 -0.698258102
  vertex -0.00381555036 -0.118446484 -0.697497845
  endloop
 endfacet

 facet normal 0.687064409 0.608744979 0.396701515
  outer loop
  vertex -0.00381555036 -0.118446484 -0.697497845
  vertex -0.00316563062 -0.11868459 -0.698258102
  vertex -0.0033070629 -0.118446454 -0.698378563
  endloop
 endfacet

 facet normal 0.799922347 0.383167267 0.461851835
  outer loop
  vertex -0.00381555036 -0.118446484 -0.697497845
  vertex -0.0033070629 -0.118446454 -0.698378563
  vertex -0.00390454521 -0.118170336 -0.697572827
  endloop
 endfacet

 facet normal 0.799925029 0.383153617 0.461858511
  outer loop
  vertex -0.00390454521 -0.118170336 -0.697572827
  vertex -0.0033070629 -0.118446454 -0.698378563
  vertex -0.00339396042 -0.118170202 -0.698457241
  endloop
 endfacet

 facet normal 0.858561754 0.131082073 0.495670438
  outer loop
  vertex -0.00390454521 -0.118170336 -0.697572827
  vertex -0.00339396042 -0.118170202 -0.698457241
  vertex -0.00393497664 -0.117871493 -0.697599173
  endloop
 endfacet

 facet normal 0.858559549 0.13101922 0.495690912
  outer loop
  vertex -0.00393497664 -0.117871493 -0.697599173
  vertex -0.00339396042 -0.118170202 -0.698457241
  vertex -0.00342357578 -0.117871463 -0.698484898
  endloop
 endfacet

 facet normal 0.858624637 -0.130487159 0.495718598
  outer loop
  vertex -0.00393497664 -0.117871493 -0.697599173
  vertex -0.00342357578 -0.117871463 -0.698484898
  vertex -0.00390482019 -0.117573857 -0.697573006
  endloop
 endfacet

 facet normal 0.858603179 -0.130569488 0.495734096
  outer loop
  vertex -0.00390482019 -0.117573857 -0.697573006
  vertex -0.00342357578 -0.117871463 -0.698484898
  vertex -0.00339417649 -0.117573708 -0.69845742
  endloop
 endfacet

 facet normal 0.707066953 0.707146704 2.00106861e-05
  outer loop
  vertex 0.00650522439 -0.111570731 -0.718764544
  vertex 0.00630521728 -0.11137075 -0.718681693
  vertex 0.00650522299 -0.111570746 -0.718339086
  endloop
 endfacet

 facet normal 0.707078457 0.707135141 6.54635141e-06
  outer loop
  vertex 0.00650522299 -0.111570746 -0.718339086
  vertex 0.00630521728 -0.11137075 -0.718681693
  vertex 0.00630522287 -0.111370757 -0.718339086
  endloop
 endfacet

 facet normal 0.0734442323 0.691711783 0.718429446
  outer loop
  vertex 0.00487090647 -0.111470811 -0.716945589
  vertex 0.00485006114 -0.11157082 -0.716847181
  vertex 0.00545915449 -0.111570805 -0.716909409
  endloop
 endfacet

 facet normal 0.0735660419 0.69223994 0.717908084
  outer loop
  vertex 0.00487090647 -0.111470811 -0.716945589
  vertex 0.00545915449 -0.111570805 -0.716909409
  vertex 0.00489132432 -0.111370809 -0.717044115
  endloop
 endfacet

 facet normal 0.0782935768 0.700137615 0.709702373
  outer loop
  vertex 0.00489132432 -0.111370809 -0.717044115
  vertex 0.00545915449 -0.111570805 -0.716909409
  vertex 0.00539863529 -0.111370809 -0.717100084
  endloop
 endfacet

 facet normal 0.353984326 0.699176729 0.621165872
  outer loop
  vertex 0.00539863529 -0.111370809 -0.717100084
  vertex 0.00545915449 -0.111570805 -0.716909409
  vertex 0.00600392418 -0.111570783 -0.717219889
  endloop
 endfacet

 facet normal 0.353984445 0.699177861 0.62116456
  outer loop
  vertex 0.00539863529 -0.111370809 -0.717100084
  vertex 0.00600392418 -0.111570783 -0.717219889
  vertex 0.00587075343 -0.111370794 -0.717369139
  endloop
 endfacet

 facet normal 0.576968253 0.699195027 0.422177613
  outer loop
  vertex 0.00587075343 -0.111370794 -0.717369139
  vertex 0.00600392418 -0.111570783 -0.717219889
  vertex 0.00637416868 -0.111570761 -0.717725933
  endloop
 endfacet

 facet normal 0.576975405 0.699177206 0.42219758
  outer loop
  vertex 0.00587075343 -0.111370794 -0.717369139
  vertex 0.00637416868 -0.111570761 -0.717725933
  vertex 0.00619164249 -0.11137078 -0.71780771
  endloop
 endfacet

 facet normal 0.699140489 0.699189842 0.149452969
  outer loop
  vertex 0.00619164249 -0.11137078 -0.71780771
  vertex 0.00637416868 -0.111570761 -0.717725933
  vertex 0.00650522299 -0.111570746 -0.718339086
  endloop
 endfacet

 facet normal 0.69913429 0.699197412 0.149446502
  outer loop
  vertex 0.00619164249 -0.11137078 -0.71780771
  vertex 0.00650522299 -0.111570746 -0.718339086
  vertex 0.00630522287 -0.111370757 -0.718339086
  endloop
 endfacet

 facet normal -0.165439457 0.709068179 0.685457647
  outer loop
  vertex 0.00487090647 -0.111470811 -0.716945589
  vertex 0.00489132432 -0.111370809 -0.717044115
  vertex 0.0024622858 -0.111370847 -0.717630327
  endloop
 endfacet

 facet normal -0.165927202 0.709055662 0.685352683
  outer loop
  vertex 0.00485006114 -0.11157082 -0.716847181
  vertex 0.00487090647 -0.111470811 -0.716945589
  vertex 0.00243099895 -0.111570857 -0.717432797
  endloop
 endfacet

 facet normal -0.166415259 0.70594877 0.68843472
  outer loop
  vertex 0.00243099895 -0.111570857 -0.717432797
  vertex 0.00487090647 -0.111470811 -0.716945589
  vertex 0.0024622858 -0.111370847 -0.717630327
  endloop
 endfacet

 facet normal -0.0518669337 0.705841184 0.706468761
  outer loop
  vertex 0.00243099895 -0.111570857 -0.717432797
  vertex 0.0024622858 -0.111370847 -0.717630327
  vertex -0.000159172254 -0.111570895 -0.717622936
  endloop
 endfacet

 facet normal -0.0518686399 0.705862701 0.706447124
  outer loop
  vertex -0.000159172254 -0.111570895 -0.717622936
  vertex 0.0024622858 -0.111370847 -0.717630327
  vertex -0.000161296426 -0.111370899 -0.717822909
  endloop
 endfacet

 facet normal 0.0668090582 0.705864906 0.70518887
  outer loop
  vertex -0.000159172254 -0.111570895 -0.717622936
  vertex -0.000161296426 -0.111370899 -0.717822909
  vertex -0.0027447273 -0.111570954 -0.717377901
  endloop
 endfacet

 facet normal 0.0668162853 0.705835581 0.70521754
  outer loop
  vertex -0.0027447273 -0.111570954 -0.717377901
  vertex -0.000161296426 -0.111370899 -0.717822909
  vertex -0.00278021558 -0.111370951 -0.717574716
  endloop
 endfacet

 facet normal 0.183623999 0.70583868 0.684159398
  outer loop
  vertex -0.0027447273 -0.111570954 -0.717377901
  vertex -0.00278021558 -0.111370951 -0.717574716
  vertex -0.00525309052 -0.111571014 -0.716704607
  endloop
 endfacet

 facet normal 0.183613285 0.705865085 0.68413496
  outer loop
  vertex -0.00525309052 -0.111571014 -0.716704607
  vertex -0.00278021558 -0.111370951 -0.717574716
  vertex -0.0053209411 -0.111371018 -0.716892719
  endloop
 endfacet

 facet normal 0.295262039 0.705867887 0.643871903
  outer loop
  vertex -0.00525309052 -0.111571014 -0.716704607
  vertex -0.0053209411 -0.111371018 -0.716892719
  vertex -0.00761380792 -0.111571088 -0.715621948
  endloop
 endfacet

 facet normal 0.295276105 0.705842376 0.643893361
  outer loop
  vertex -0.00761380792 -0.111571088 -0.715621948
  vertex -0.0053209411 -0.111371018 -0.716892719
  vertex -0.00771211414 -0.111371085 -0.715796113
  endloop
 endfacet

 facet normal 0.398636252 0.705843568 0.585554421
  outer loop
  vertex -0.00761380792 -0.111571088 -0.715621948
  vertex -0.00771211414 -0.111371085 -0.715796113
  vertex -0.00976061914 -0.111571178 -0.714160323
  endloop
 endfacet

 facet normal 0.398636192 0.705843687 0.585554421
  outer loop
  vertex -0.00976061914 -0.111571178 -0.714160323
  vertex -0.00771211414 -0.111371085 -0.715796113
  vertex -0.00988663174 -0.111371174 -0.714315653
  endloop
 endfacet

 facet normal 0.490806162 0.705847561 0.510772526
  outer loop
  vertex -0.00976061914 -0.111571178 -0.714160323
  vertex -0.00988663174 -0.111371174 -0.714315653
  vertex -0.0116332537 -0.11157126 -0.712360799
  endloop
 endfacet

 facet normal 0.49080652 0.705847144 0.510772824
  outer loop
  vertex -0.0116332537 -0.11157126 -0.712360799
  vertex -0.00988663174 -0.111371174 -0.714315653
  vertex -0.0117834313 -0.111371256 -0.712492883
  endloop
 endfacet

 facet normal 0.150690764 0.699026942 0.699037731
  outer loop
  vertex -0.0131349899 -0.111371301 -0.711881697
  vertex -0.0131349787 -0.111571297 -0.711681724
  vertex -0.0123109156 -0.111571275 -0.711859345
  endloop
 endfacet

 facet normal 0.150693387 0.699036658 0.699027359
  outer loop
  vertex -0.0131349899 -0.111371301 -0.711881697
  vertex -0.0123109156 -0.111571275 -0.711859345
  vertex -0.012393319 -0.111371279 -0.712041616
  endloop
 endfacet

 facet normal 0.425333202 0.699037492 0.574837625
  outer loop
  vertex -0.012393319 -0.111371279 -0.712041616
  vertex -0.0123109156 -0.111571275 -0.711859345
  vertex -0.0116332537 -0.11157126 -0.712360799
  endloop
 endfacet

 facet normal 0.42533797 0.69901222 0.574864805
  outer loop
  vertex -0.012393319 -0.111371279 -0.712041616
  vertex -0.0116332537 -0.11157126 -0.712360799
  vertex -0.0117834313 -0.111371256 -0.712492883
  endloop
 endfacet

 facet normal -1.56863844e-05 0.707097173 0.707116425
  outer loop
  vertex -0.0131349787 -0.111571297 -0.711681724
  vertex -0.0131349899 -0.111371301 -0.711881697
  vertex -0.0164947771 -0.111571372 -0.711681724
  endloop
 endfacet

 facet normal -1.25497863e-05 0.707070887 0.70714277
  outer loop
  vertex -0.0164947771 -0.111571372 -0.711681724
  vertex -0.0131349899 -0.111371301 -0.711881697
  vertex -0.0164947882 -0.111371361 -0.711881697
  endloop
 endfacet

 facet normal -0.700202167 0.700223804 0.139297172
  outer loop
  vertex -0.0172947831 -0.111371361 -0.712681711
  vertex -0.0174947828 -0.111571349 -0.712681711
  vertex -0.0174186621 -0.111571357 -0.712298989
  endloop
 endfacet

 facet normal -0.700203955 0.700222254 0.139295787
  outer loop
  vertex -0.0172947831 -0.111371361 -0.712681711
  vertex -0.0174186621 -0.111571357 -0.712298989
  vertex -0.0172338877 -0.111371368 -0.712375522
  endloop
 endfacet

 facet normal -0.634827733 0.706344545 0.313163221
  outer loop
  vertex -0.0172338877 -0.111371368 -0.712375522
  vertex -0.0174186621 -0.111571357 -0.712298989
  vertex -0.0173608102 -0.111571379 -0.712181687
  endloop
 endfacet

 facet normal -0.568839192 0.72934413 0.380104154
  outer loop
  vertex -0.0172338877 -0.111371368 -0.712375522
  vertex -0.0173608102 -0.111571379 -0.712181687
  vertex -0.0170604717 -0.111371368 -0.712116003
  endloop
 endfacet

 facet normal -0.563407958 0.704038441 0.432320893
  outer loop
  vertex -0.0173608102 -0.111571379 -0.712181687
  vertex -0.0172018912 -0.111571379 -0.711974621
  vertex -0.0170604717 -0.111371368 -0.712116003
  endloop
 endfacet

 facet normal -0.432310283 0.704037189 0.563417673
  outer loop
  vertex -0.0170604717 -0.111371368 -0.712116003
  vertex -0.0172018912 -0.111571379 -0.711974621
  vertex -0.0169947781 -0.111571379 -0.711815655
  endloop
 endfacet

 facet normal -0.380103588 0.729337931 0.568847537
  outer loop
  vertex -0.0170604717 -0.111371368 -0.712116003
  vertex -0.0169947781 -0.111571379 -0.711815655
  vertex -0.0168009251 -0.111371368 -0.711942613
  endloop
 endfacet

 facet normal -0.313153863 0.706328273 0.634850442
  outer loop
  vertex -0.0169947781 -0.111571379 -0.711815655
  vertex -0.0168774668 -0.111571379 -0.711757839
  vertex -0.0168009251 -0.111371368 -0.711942613
  endloop
 endfacet

 facet normal -0.139283165 0.700194061 0.700234652
  outer loop
  vertex -0.0168009251 -0.111371368 -0.711942613
  vertex -0.0168774668 -0.111571379 -0.711757839
  vertex -0.0164947771 -0.111571372 -0.711681724
  endloop
 endfacet

 facet normal -0.139311314 0.700172126 0.700250983
  outer loop
  vertex -0.0168009251 -0.111371368 -0.711942613
  vertex -0.0164947771 -0.111571372 -0.711681724
  vertex -0.0164947882 -0.111371361 -0.711881697
  endloop
 endfacet

 facet normal -0.707120717 0.707092881 1.87949863e-05
  outer loop
  vertex -0.0172947776 -0.111371167 -0.71968168
  vertex -0.0173617862 -0.1114382 -0.718750775
  vertex -0.0172947831 -0.111371361 -0.712681711
  endloop
 endfacet

 facet normal -0.707129896 0.707083642 1.8998262e-05
  outer loop
  vertex -0.0172947831 -0.111371361 -0.712681711
  vertex -0.0173617862 -0.1114382 -0.718750775
  vertex -0.0174947716 -0.111571215 -0.718081713
  endloop
 endfacet

 facet normal -0.707093239 0.707120419 1.62779706e-05
  outer loop
  vertex -0.0172947831 -0.111371361 -0.712681711
  vertex -0.0174947716 -0.111571215 -0.718081713
  vertex -0.0174947828 -0.111571349 -0.712681711
  endloop
 endfacet

 facet normal -0.707108557 0.7071051 1.88401264e-05
  outer loop
  vertex -0.0174947791 -0.111571044 -0.724881709
  vertex -0.0174947735 -0.111571133 -0.721281707
  vertex -0.017294772 -0.11137104 -0.724681675
  endloop
 endfacet

 facet normal -0.70713073 0.707082868 1.62282249e-05
  outer loop
  vertex -0.017294772 -0.11137104 -0.724681675
  vertex -0.0174947735 -0.111571133 -0.721281707
  vertex -0.0173617881 -0.111438155 -0.720612645
  endloop
 endfacet

 facet normal -0.707109928 0.70710367 1.75401929e-05
  outer loop
  vertex -0.017294772 -0.11137104 -0.724681675
  vertex -0.0173617881 -0.111438155 -0.720612645
  vertex -0.0172947776 -0.111371167 -0.71968168
  endloop
 endfacet

 facet normal 0.707135141 -0.499949902 0.500010014
  outer loop
  vertex 0.00650545489 -0.124170735 -0.718764842
  vertex 0.00630546873 -0.124370746 -0.718681991
  vertex 0.00650547352 -0.124370739 -0.718964875
  endloop
 endfacet

 facet normal 0.707142174 -0.707071424 -2.90333301e-05
  outer loop
  vertex 0.00630546873 -0.124370746 -0.718681991
  vertex 0.00650545489 -0.124170735 -0.718764842
  vertex 0.00630547386 -0.124370754 -0.718339443
  endloop
 endfacet

 facet normal 0.707141578 -0.70707202 -2.95971658e-05
  outer loop
  vertex 0.00630547386 -0.124370754 -0.718339443
  vertex 0.00650545489 -0.124170735 -0.718764842
  vertex 0.00650546281 -0.12417075 -0.718339443
  endloop
 endfacet

 facet normal 0.0792270526 -0.691472709 0.718044996
  outer loop
  vertex 0.00487115327 -0.124270834 -0.716945887
  vertex 0.00489158463 -0.124370821 -0.717044413
  vertex 0.00539887464 -0.124370806 -0.717100382
  endloop
 endfacet

 facet normal 0.0734796673 -0.691691041 0.718445778
  outer loop
  vertex 0.0054593971 -0.12417081 -0.716909766
  vertex 0.00485030375 -0.124170825 -0.716847479
  vertex 0.00487115327 -0.124270834 -0.716945887
  endloop
 endfacet

 facet normal 0.0753693134 -0.699858367 0.710294187
  outer loop
  vertex 0.00487115327 -0.124270834 -0.716945887
  vertex 0.00539887464 -0.124370806 -0.717100382
  vertex 0.0054593971 -0.12417081 -0.716909766
  endloop
 endfacet

 facet normal 0.354000866 -0.699192822 0.621138394
  outer loop
  vertex 0.0054593971 -0.12417081 -0.716909766
  vertex 0.00539887464 -0.124370806 -0.717100382
  vertex 0.00587100442 -0.124370791 -0.717369437
  endloop
 endfacet

 facet normal 0.354026318 -0.699168861 0.621150732
  outer loop
  vertex 0.0054593971 -0.12417081 -0.716909766
  vertex 0.00587100442 -0.124370791 -0.717369437
  vertex 0.00600416679 -0.124170788 -0.717220247
  endloop
 endfacet

 facet normal 0.577011764 -0.699165761 0.422166675
  outer loop
  vertex 0.00600416679 -0.124170788 -0.717220247
  vertex 0.00587100442 -0.124370791 -0.717369437
  vertex 0.00619189348 -0.124370776 -0.717808008
  endloop
 endfacet

 facet normal 0.577032924 -0.69914788 0.422167391
  outer loop
  vertex 0.00600416679 -0.124170788 -0.717220247
  vertex 0.00619189348 -0.124370776 -0.717808008
  vertex 0.00637441082 -0.124170765 -0.717726231
  endloop
 endfacet

 facet normal 0.699198008 -0.699139714 0.149418414
  outer loop
  vertex 0.00637441082 -0.124170765 -0.717726231
  vertex 0.00619189348 -0.124370776 -0.717808008
  vertex 0.00630547386 -0.124370754 -0.718339443
  endloop
 endfacet

 facet normal 0.699199677 -0.699138224 0.149417773
  outer loop
  vertex 0.00637441082 -0.124170765 -0.717726231
  vertex 0.00630547386 -0.124370754 -0.718339443
  vertex 0.00650546281 -0.12417075 -0.718339443
  endloop
 endfacet

 facet normal -0.165914506 -0.709044814 0.685366988
  outer loop
  vertex 0.00487115327 -0.124270834 -0.716945887
  vertex 0.00485030375 -0.124170825 -0.716847479
  vertex 0.00243122946 -0.124170847 -0.717433095
  endloop
 endfacet

 facet normal 0.49083516 -0.705854416 0.510735154
  outer loop
  vertex -0.0116330106 -0.12417125 -0.712361097
  vertex -0.0117831714 -0.124371253 -0.712493241
  vertex -0.009760377 -0.124171168 -0.714160681
  endloop
 endfacet

 facet normal 0.490835667 -0.705853581 0.510735869
  outer loop
  vertex -0.009760377 -0.124171168 -0.714160681
  vertex -0.0117831714 -0.124371253 -0.712493241
  vertex -0.00988638029 -0.124371171 -0.71431601
  endloop
 endfacet

 facet normal 0.3986637 -0.705855727 0.585521162
  outer loop
  vertex -0.009760377 -0.124171168 -0.714160681
  vertex -0.00988638029 -0.124371171 -0.71431601
  vertex -0.00761356531 -0.124171093 -0.715622306
  endloop
 endfacet

 facet normal 0.39866367 -0.705855727 0.585521102
  outer loop
  vertex -0.00761356531 -0.124171093 -0.715622306
  vertex -0.00988638029 -0.124371171 -0.71431601
  vertex -0.00771186315 -0.124371096 -0.715796471
  endloop
 endfacet

 facet normal 0.295305133 -0.705861807 0.643858671
  outer loop
  vertex -0.00761356531 -0.124171093 -0.715622306
  vertex -0.00771186315 -0.124371096 -0.715796471
  vertex -0.00525283907 -0.124171019 -0.716704965
  endloop
 endfacet

 facet normal 0.295305222 -0.705861509 0.643859029
  outer loop
  vertex -0.00525283907 -0.124171019 -0.716704965
  vertex -0.00771186315 -0.124371096 -0.715796471
  vertex -0.00532068079 -0.124371015 -0.716893077
  endloop
 endfacet

 facet normal 0.183647782 -0.705865026 0.684125841
  outer loop
  vertex -0.00525283907 -0.124171019 -0.716704965
  vertex -0.00532068079 -0.124371015 -0.716893077
  vertex -0.00274449657 -0.124170959 -0.717378199
  endloop
 endfacet

 facet normal 0.183644816 -0.705891609 0.684099138
  outer loop
  vertex -0.00274449657 -0.124170959 -0.717378199
  vertex -0.00532068079 -0.124371015 -0.716893077
  vertex -0.00277997623 -0.124370947 -0.717575073
  endloop
 endfacet

 facet normal 0.0668401867 -0.705894351 0.705156505
  outer loop
  vertex -0.00274449657 -0.124170959 -0.717378199
  vertex -0.00277997623 -0.124370947 -0.717575073
  vertex -0.000158941635 -0.124170899 -0.717623234
  endloop
 endfacet

 facet normal 0.0668388456 -0.705871284 0.705179691
  outer loop
  vertex -0.000158941635 -0.124170899 -0.717623234
  vertex -0.00277997623 -0.124370947 -0.717575073
  vertex -0.000161057076 -0.124370895 -0.717823267
  endloop
 endfacet

 facet normal -0.0518405102 -0.705874085 0.706437826
  outer loop
  vertex -0.000158941635 -0.124170899 -0.717623234
  vertex -0.000161057076 -0.124370895 -0.717823267
  vertex 0.00243122946 -0.124170847 -0.717433095
  endloop
 endfacet

 facet normal -0.0518377125 -0.705886543 0.706425607
  outer loop
  vertex 0.00243122946 -0.124170847 -0.717433095
  vertex -0.000161057076 -0.124370895 -0.717823267
  vertex 0.00246254611 -0.124370843 -0.717630684
  endloop
 endfacet

 facet normal -0.166392326 -0.706003547 0.688384056
  outer loop
  vertex 0.00243122946 -0.124170847 -0.717433095
  vertex 0.00246254611 -0.124370843 -0.717630684
  vertex 0.00487115327 -0.124270834 -0.716945887
  endloop
 endfacet

 facet normal -0.165389001 -0.709209979 0.685323179
  outer loop
  vertex 0.00487115327 -0.124270834 -0.716945887
  vertex 0.00246254611 -0.124370843 -0.717630684
  vertex 0.00489158463 -0.124370821 -0.717044413
  endloop
 endfacet

 facet normal 0.425364137 -0.699030042 0.574823797
  outer loop
  vertex -0.0117831714 -0.124371253 -0.712493241
  vertex -0.0116330106 -0.12417125 -0.712361097
  vertex -0.0123106735 -0.124171279 -0.711859703
  endloop
 endfacet

 facet normal 0.425371826 -0.699022174 0.57482779
  outer loop
  vertex -0.0117831714 -0.124371253 -0.712493241
  vertex -0.0123106735 -0.124171279 -0.711859703
  vertex -0.0123930676 -0.124371275 -0.712041914
  endloop
 endfacet

 facet normal 0.150715634 -0.699037075 0.699022174
  outer loop
  vertex -0.0123930676 -0.124371275 -0.712041914
  vertex -0.0123106735 -0.124171279 -0.711859703
  vertex -0.0131347477 -0.124171302 -0.711682022
  endloop
 endfacet

 facet normal 0.150720775 -0.699029565 0.699028671
  outer loop
  vertex -0.0123930676 -0.124371275 -0.712041914
  vertex -0.0131347477 -0.124171302 -0.711682022
  vertex -0.0131347505 -0.124371298 -0.711882055
  endloop
 endfacet

 facet normal 1.14914128e-05 -0.707106411 0.707107186
  outer loop
  vertex -0.0131347505 -0.124371298 -0.711882055
  vertex -0.0131347477 -0.124171302 -0.711682022
  vertex -0.0164945275 -0.124371357 -0.711882055
  endloop
 endfacet

 facet normal 1.39722433e-05 -0.707127273 0.707086325
  outer loop
  vertex -0.0164945275 -0.124371357 -0.711882055
  vertex -0.0131347477 -0.124171302 -0.711682022
  vertex -0.0164945349 -0.124171361 -0.711682022
  endloop
 endfacet

 facet normal -0.186147064 -0.69477123 0.69472456
  outer loop
  vertex -0.0164945275 -0.124371357 -0.711882055
  vertex -0.0164945349 -0.124171361 -0.711682022
  vertex -0.0169945359 -0.124171369 -0.711816013
  endloop
 endfacet

 facet normal -0.186146468 -0.694770098 0.694725871
  outer loop
  vertex -0.0164945275 -0.124371357 -0.711882055
  vertex -0.0169945359 -0.124171369 -0.711816013
  vertex -0.0168945342 -0.124371365 -0.711989224
  endloop
 endfacet

 facet normal -0.432279557 -0.704084456 0.563382208
  outer loop
  vertex -0.0168945342 -0.124371365 -0.711989224
  vertex -0.0169945359 -0.124171369 -0.711816013
  vertex -0.017201649 -0.124171369 -0.711974919
  endloop
 endfacet

 facet normal -0.467123628 -0.750711858 0.467147827
  outer loop
  vertex -0.0168945342 -0.124371365 -0.711989224
  vertex -0.017201649 -0.124171369 -0.711974919
  vertex -0.0171873625 -0.124371365 -0.712282002
  endloop
 endfacet

 facet normal -0.563389421 -0.704069316 0.432294816
  outer loop
  vertex -0.017201649 -0.124171369 -0.711974919
  vertex -0.017360568 -0.124171369 -0.712182045
  vertex -0.0171873625 -0.124371365 -0.712282002
  endloop
 endfacet

 facet normal -0.694750667 -0.694750011 0.186129183
  outer loop
  vertex -0.0171873625 -0.124371365 -0.712282002
  vertex -0.017360568 -0.124171369 -0.712182045
  vertex -0.0174945313 -0.124171354 -0.712682009
  endloop
 endfacet

 facet normal -0.694765925 -0.694728732 0.186151534
  outer loop
  vertex -0.0171873625 -0.124371365 -0.712282002
  vertex -0.0174945313 -0.124171354 -0.712682009
  vertex -0.0172945429 -0.124371357 -0.712682009
  endloop
 endfacet

 facet normal -0.707125664 -0.707087994 -1.65639685e-05
  outer loop
  vertex -0.0174945313 -0.124171354 -0.712682009
  vertex -0.0174945407 -0.12417122 -0.718082011
  vertex -0.0172945429 -0.124371357 -0.712682009
  endloop
 endfacet

 facet normal -0.707076788 -0.70713681 -2.01822986e-05
  outer loop
  vertex -0.0172945429 -0.124371357 -0.712682009
  vertex -0.0174945407 -0.12417122 -0.718082011
  vertex -0.0173615385 -0.12430419 -0.718751132
  endloop
 endfacet

 facet normal -0.707108617 -0.707105041 -1.94797813e-05
  outer loop
  vertex -0.0172945429 -0.124371357 -0.712682009
  vertex -0.0173615385 -0.12430419 -0.718751132
  vertex -0.0172945261 -0.124371178 -0.719682038
  endloop
 endfacet

 facet normal -0.707065165 -0.707148433 -2.07974699e-05
  outer loop
  vertex -0.0172945261 -0.124371178 -0.719682038
  vertex -0.0173615403 -0.124304146 -0.720612943
  vertex -0.0172945205 -0.124371037 -0.724682033
  endloop
 endfacet

 facet normal -0.707093835 -0.707119763 -2.17421511e-05
  outer loop
  vertex -0.0172945205 -0.124371037 -0.724682033
  vertex -0.0173615403 -0.124304146 -0.720612943
  vertex -0.0174945313 -0.124171138 -0.721282005
  endloop
 endfacet

 facet normal -0.707076192 -0.707137406 -1.96668716e-05
  outer loop
  vertex -0.0172945205 -0.124371037 -0.724682033
  vertex -0.0174945313 -0.124171138 -0.721282005
  vertex -0.0174945369 -0.124171034 -0.724882007
  endloop
 endfacet

 facet normal -0.633915126 -0.702734828 0.322979033
  outer loop
  vertex 0.00445505278 -0.123871133 -0.705356896
  vertex 0.00523625221 -0.123871155 -0.703823686
  vertex 0.00476072123 -0.123371169 -0.70366919
  endloop
 endfacet

 facet normal -0.728734791 -0.609342158 0.312486321
  outer loop
  vertex 0.00476072123 -0.123371169 -0.70366919
  vertex 0.00440280698 -0.123371162 -0.704503834
  vertex 0.00445505278 -0.123871133 -0.705356896
  endloop
 endfacet

 facet normal -0.598925471 -0.70635581 0.377292722
  outer loop
  vertex 0.00445505278 -0.123871133 -0.705356896
  vertex 0.00440280698 -0.123371162 -0.704503834
  vertex 0.0040505263 -0.123371139 -0.705062985
  endloop
 endfacet

 facet normal -0.503071904 -0.702738881 0.503067374
  outer loop
  vertex 0.00445505278 -0.123871133 -0.705356896
  vertex 0.0040505263 -0.123371139 -0.705062985
  vertex 0.00323827635 -0.123871125 -0.706573725
  endloop
 endfacet

 facet normal -0.584298968 -0.622812629 0.520287633
  outer loop
  vertex 0.0040505263 -0.123371139 -0.705062985
  vertex 0.00339185237 -0.123371132 -0.705802739
  vertex 0.00323827635 -0.123871125 -0.706573725
  endloop
 endfacet

 facet normal -0.448367894 -0.706540704 0.547509313
  outer loop
  vertex 0.00323827635 -0.123871125 -0.706573725
  vertex 0.00339185237 -0.123371132 -0.705802739
  vertex 0.0029443684 -0.123371132 -0.706169188
  endloop
 endfacet

 facet normal -0.322989285 -0.702740073 0.633904099
  outer loop
  vertex 0.00323827635 -0.123871125 -0.706573725
  vertex 0.0029443684 -0.123371132 -0.706169188
  vertex 0.00170505221 -0.123871125 -0.707354903
  endloop
 endfacet

 facet normal -0.384101599 -0.635759711 0.669533908
  outer loop
  vertex 0.0029443684 -0.123371132 -0.706169188
  vertex 0.00201391289 -0.123371139 -0.706702948
  vertex 0.00170505221 -0.123871125 -0.707354903
  endloop
 endfacet

 facet normal -0.251723826 -0.706696868 0.6612221
  outer loop
  vertex 0.00170505221 -0.123871125 -0.707354903
  vertex 0.00201391289 -0.123371139 -0.706702948
  vertex 0.00155052822 -0.123371147 -0.706879377
  endloop
 endfacet

 facet normal -0.111285731 -0.702736318 0.702692866
  outer loop
  vertex 0.00170505221 -0.123871125 -0.707354903
  vertex 0.00155052822 -0.123371147 -0.706879377
  vertex 5.45424928e-06 -0.123871155 -0.707624137
  endloop
 endfacet

 facet normal -0.150101185 -0.648149908 0.746573091
  outer loop
  vertex 0.00155052822 -0.123371147 -0.706879377
  vertex 0.000418335549 -0.123371169 -0.707107008
  vertex 5.45424928e-06 -0.123871155 -0.707624137
  endloop
 endfacet

 facet normal -0.0292024799 -0.706831157 0.706779242
  outer loop
  vertex 5.45424928e-06 -0.123871155 -0.707624137
  vertex 0.000418335549 -0.123371169 -0.707107008
  vertex 5.45185912e-06 -0.123371176 -0.707124114
  endloop
 endfacet

 facet normal 0.111312054 -0.702737987 0.702687025
  outer loop
  vertex 5.45424928e-06 -0.123871155 -0.707624137
  vertex 5.45185912e-06 -0.123371176 -0.707124114
  vertex -0.00169413455 -0.1238712 -0.707354903
  endloop
 endfacet

 facet normal 0.0929320157 -0.660018682 0.745479047
  outer loop
  vertex 5.45185912e-06 -0.123371176 -0.707124114
  vertex -0.0012219802 -0.123371191 -0.706971109
  vertex -0.00169413455 -0.1238712 -0.707354903
  endloop
 endfacet

 facet normal 0.196210533 -0.706920505 0.679532945
  outer loop
  vertex -0.00169413455 -0.1238712 -0.707354903
  vertex -0.0012219802 -0.123371191 -0.706971109
  vertex -0.00153964839 -0.123371199 -0.706879377
  endloop
 endfacet

 facet normal 0.323011577 -0.702715993 0.633919418
  outer loop
  vertex -0.00169413455 -0.1238712 -0.707354903
  vertex -0.00153964839 -0.123371199 -0.706879377
  vertex -0.00322736776 -0.123871237 -0.706573725
  endloop
 endfacet

 facet normal 0.319988668 -0.671408415 0.668444514
  outer loop
  vertex -0.00153964839 -0.123371199 -0.706879377
  vertex -0.00272929692 -0.123371243 -0.706309915
  vertex -0.00322736776 -0.123871237 -0.706573725
  endloop
 endfacet

 facet normal 0.401379675 -0.707015693 0.582257032
  outer loop
  vertex -0.00322736776 -0.123871237 -0.706573725
  vertex -0.00272929692 -0.123371243 -0.706309915
  vertex -0.00293347798 -0.123371251 -0.706169188
  endloop
 endfacet

 facet normal 0.503097653 -0.70272696 0.503058255
  outer loop
  vertex -0.00322736776 -0.123871237 -0.706573725
  vertex -0.00293347798 -0.123371251 -0.706169188
  vertex -0.00444413768 -0.123871297 -0.705356956
  endloop
 endfacet

 facet normal 0.508352876 -0.682288051 0.525414586
  outer loop
  vertex -0.00293347798 -0.123371251 -0.706169188
  vertex -0.0039402619 -0.123371296 -0.705195129
  vertex -0.00444413768 -0.123871297 -0.705356956
  endloop
 endfacet

 facet normal 0.565158188 -0.707059503 0.425044775
  outer loop
  vertex -0.00444413768 -0.123871297 -0.705356956
  vertex -0.0039402619 -0.123371296 -0.705195129
  vertex -0.00403963961 -0.123371303 -0.705063045
  endloop
 endfacet

 facet normal 0.633937001 -0.702711463 0.322986901
  outer loop
  vertex -0.00444413768 -0.123871297 -0.705356956
  vertex -0.00403963961 -0.123371303 -0.705063045
  vertex -0.00522536226 -0.123871349 -0.703823686
  endloop
 endfacet

 facet normal 0.639879048 -0.692722142 0.332702547
  outer loop
  vertex -0.00403963961 -0.123371303 -0.705063045
  vertex -0.00472364388 -0.123371348 -0.703747571
  vertex -0.00522536226 -0.123871349 -0.703823686
  endloop
 endfacet

 facet normal 0.670669794 -0.70708859 0.224115953
  outer loop
  vertex -0.00522536226 -0.123871349 -0.703823686
  vertex -0.00472364388 -0.123371348 -0.703747571
  vertex -0.00474984897 -0.123371348 -0.70366919
  endloop
 endfacet

 facet normal 0.702725828 -0.702703655 0.111283392
  outer loop
  vertex -0.00522536226 -0.123871349 -0.703823686
  vertex -0.00474984897 -0.123371348 -0.70366919
  vertex -0.00549455872 -0.123871401 -0.702124119
  endloop
 endfacet

 facet normal 0.702713132 -0.702718079 0.111272603
  outer loop
  vertex -0.00549455872 -0.123871401 -0.702124119
  vertex -0.00474984897 -0.123371348 -0.70366919
  vertex -0.00499455305 -0.123371392 -0.702124119
  endloop
 endfacet

 facet normal 0.702712476 -0.702711642 -0.111317471
  outer loop
  vertex -0.00549455872 -0.123871401 -0.702124119
  vertex -0.00499455305 -0.123371392 -0.702124119
  vertex -0.00522536039 -0.123871438 -0.700424492
  endloop
 endfacet

 facet normal 0.702731788 -0.702693522 -0.111309499
  outer loop
  vertex -0.00499455305 -0.123371392 -0.702124119
  vertex -0.00474985084 -0.12337143 -0.700578988
  vertex -0.00522536039 -0.123871438 -0.700424492
  endloop
 endfacet

 facet normal 0.670676649 -0.707072914 -0.224144429
  outer loop
  vertex -0.00522536039 -0.123871438 -0.700424492
  vertex -0.00474985084 -0.12337143 -0.700578988
  vertex -0.00472364575 -0.12337143 -0.700500607
  endloop
 endfacet

 facet normal 0.641752779 -0.693701088 -0.327005059
  outer loop
  vertex -0.00522536039 -0.123871438 -0.700424492
  vertex -0.00472364575 -0.12337143 -0.700500607
  vertex -0.00444415165 -0.123871475 -0.698891282
  endloop
 endfacet

 facet normal 0.630856097 -0.703140557 -0.328045636
  outer loop
  vertex -0.00472364575 -0.12337143 -0.700500607
  vertex -0.00403964473 -0.123371445 -0.699185193
  vertex -0.00444415165 -0.123871475 -0.698891282
  endloop
 endfacet

 facet normal 0.565190613 -0.707029641 -0.425051332
  outer loop
  vertex -0.00444415165 -0.123871475 -0.698891282
  vertex -0.00403964473 -0.123371445 -0.699185193
  vertex -0.00394026935 -0.123371452 -0.699053049
  endloop
 endfacet

 facet normal 0.514891624 -0.685400009 -0.514891744
  outer loop
  vertex -0.00444415165 -0.123871475 -0.698891282
  vertex -0.00394026935 -0.123371452 -0.699053049
  vertex -0.00322737545 -0.123871475 -0.697674513
  endloop
 endfacet

 facet normal 0.494101137 -0.703574181 -0.510732293
  outer loop
  vertex -0.00394026935 -0.123371452 -0.699053049
  vertex -0.00293349847 -0.123371467 -0.69807899
  vertex -0.00322737545 -0.123871475 -0.697674513
  endloop
 endfacet

 facet normal 0.4013955 -0.706977606 -0.582292318
  outer loop
  vertex -0.00322737545 -0.123871475 -0.697674513
  vertex -0.00293349847 -0.123371467 -0.69807899
  vertex -0.00272930926 -0.123371467 -0.697938263
  endloop
 endfacet

 facet normal 0.333746284 -0.677938163 -0.65499109
  outer loop
  vertex -0.00322737545 -0.123871475 -0.697674513
  vertex -0.00272930926 -0.123371467 -0.697938263
  vertex -0.00169416028 -0.123871461 -0.696893275
  endloop
 endfacet

 facet normal 0.306650013 -0.703978419 -0.640609264
  outer loop
  vertex -0.00272930926 -0.123371467 -0.697938263
  vertex -0.00153965817 -0.123371452 -0.697368801
  vertex -0.00169416028 -0.123871461 -0.696893275
  endloop
 endfacet

 facet normal 0.196199387 -0.706894636 -0.679563046
  outer loop
  vertex -0.00169416028 -0.123871461 -0.696893275
  vertex -0.00153965817 -0.123371452 -0.697368801
  vertex -0.00122199464 -0.123371452 -0.697277129
  endloop
 endfacet

 facet normal 0.11594668 -0.671363294 -0.732002556
  outer loop
  vertex -0.00169416028 -0.123871461 -0.696893275
  vertex -0.00122199464 -0.123371452 -0.697277129
  vertex 5.43767828e-06 -0.123871446 -0.6966241
  endloop
 endfacet

 facet normal 0.0878183395 -0.70435673 -0.704393029
  outer loop
  vertex -0.00122199464 -0.123371452 -0.697277129
  vertex 5.43913984e-06 -0.12337143 -0.697124124
  vertex 5.43767828e-06 -0.123871446 -0.6966241
  endloop
 endfacet

 facet normal -0.0292283855 -0.706786335 -0.706823051
  outer loop
  vertex 5.43767828e-06 -0.123871446 -0.6966241
  vertex 5.43913984e-06 -0.12337143 -0.697124124
  vertex 0.000418330543 -0.123371415 -0.697141171
  endloop
 endfacet

 facet normal -0.116714887 -0.665745497 -0.736994267
  outer loop
  vertex 5.43767828e-06 -0.123871446 -0.6966241
  vertex 0.000418330543 -0.123371415 -0.697141171
  vertex 0.00170503568 -0.123871401 -0.696893275
  endloop
 endfacet

 facet normal -0.139829725 -0.704702616 -0.695587397
  outer loop
  vertex 0.000418330543 -0.123371415 -0.697141171
  vertex 0.00155051856 -0.123371385 -0.697368801
  vertex 0.00170503568 -0.123871401 -0.696893275
  endloop
 endfacet

 facet normal -0.251758277 -0.706647813 -0.661261499
  outer loop
  vertex 0.00170503568 -0.123871401 -0.696893275
  vertex 0.00155051856 -0.123371385 -0.697368801
  vertex 0.00201390544 -0.123371385 -0.69754523
  endloop
 endfacet

 facet normal -0.340574294 -0.661180556 -0.668468058
  outer loop
  vertex 0.00170503568 -0.123871401 -0.696893275
  vertex 0.00201390544 -0.123371385 -0.69754523
  vertex 0.00323826866 -0.123871349 -0.697674513
  endloop
 endfacet

 facet normal -0.352860391 -0.705061853 -0.615123868
  outer loop
  vertex 0.00201390544 -0.123371385 -0.69754523
  vertex 0.00294435723 -0.123371355 -0.69807899
  vertex 0.00323826866 -0.123871349 -0.697674513
  endloop
 endfacet

 facet normal -0.44836694 -0.706522226 -0.547533989
  outer loop
  vertex 0.00323826866 -0.123871349 -0.697674513
  vertex 0.00294435723 -0.123371355 -0.69807899
  vertex 0.00339184212 -0.123371333 -0.698445499
  endloop
 endfacet

 facet normal -0.532633603 -0.657705128 -0.532658756
  outer loop
  vertex 0.00323826866 -0.123871349 -0.697674513
  vertex 0.00339184212 -0.123371333 -0.698445499
  vertex 0.0044550295 -0.123871297 -0.698891282
  endloop
 endfacet

 facet normal -0.52936542 -0.705364883 -0.471415609
  outer loop
  vertex 0.00339184212 -0.123371333 -0.698445499
  vertex 0.00405051885 -0.123371303 -0.699185193
  vertex 0.0044550295 -0.123871297 -0.698891282
  endloop
 endfacet

 facet normal -0.598914027 -0.706338286 -0.377343774
  outer loop
  vertex 0.0044550295 -0.123871297 -0.698891282
  vertex 0.00405051885 -0.123371303 -0.699185193
  vertex 0.00440280512 -0.123371281 -0.699744344
  endloop
 endfacet

 facet normal -0.672979772 -0.655360579 -0.34292978
  outer loop
  vertex 0.0044550295 -0.123871297 -0.698891282
  vertex 0.00440280512 -0.123371281 -0.699744344
  vertex 0.00523625454 -0.123871237 -0.700424492
  endloop
 endfacet

 facet normal -0.651200414 -0.70565182 -0.279273301
  outer loop
  vertex 0.00440280512 -0.123371281 -0.699744344
  vertex 0.0047607189 -0.123371251 -0.700578988
  vertex 0.00523625454 -0.123871237 -0.700424492
  endloop
 endfacet

 facet normal -0.687813759 -0.706140161 -0.168161795
  outer loop
  vertex 0.00523625454 -0.123871237 -0.700424492
  vertex 0.0047607189 -0.123371251 -0.700578988
  vertex 0.00493724644 -0.123371229 -0.701301098
  endloop
 endfacet

 facet normal -0.747015417 -0.654189765 -0.118337184
  outer loop
  vertex 0.00523625454 -0.123871237 -0.700424492
  vertex 0.00493724644 -0.123371229 -0.701301098
  vertex 0.00550545054 -0.123871192 -0.702124119
  endloop
 endfacet

 facet normal -0.705878675 -0.705911756 -0.0585139245
  outer loop
  vertex 0.00550545054 -0.123871192 -0.702124119
  vertex 0.00493724644 -0.123371229 -0.701301098
  vertex 0.00500544393 -0.123371206 -0.702124119
  endloop
 endfacet

 facet normal -0.702696681 -0.702732742 0.11128445
  outer loop
  vertex 0.00550545054 -0.123871192 -0.702124119
  vertex 0.00500544393 -0.123371206 -0.702124119
  vertex 0.00523625221 -0.123871155 -0.703823686
  endloop
 endfacet

 facet normal -0.800789058 -0.595260143 0.0663499385
  outer loop
  vertex 0.00523625221 -0.123871155 -0.703823686
  vertex 0.00500544393 -0.123371206 -0.702124119
  vertex 0.00493724179 -0.123371184 -0.70294708
  endloop
 endfacet

 facet normal -0.687819123 -0.706144273 0.168122143
  outer loop
  vertex 0.00523625221 -0.123871155 -0.703823686
  vertex 0.00493724179 -0.123371184 -0.70294708
  vertex 0.00476072123 -0.123371169 -0.70366919
  endloop
 endfacet

 facet normal 0.641719043 0.693733394 0.327002734
  outer loop
  vertex -0.00444436679 -0.111871302 -0.705356598
  vertex -0.00522559183 -0.111871354 -0.703823388
  vertex -0.00472386042 -0.11237134 -0.703747332
  endloop
 endfacet

 facet normal 0.630820513 0.703173637 0.328043193
  outer loop
  vertex -0.00472386042 -0.11237134 -0.703747332
  vertex -0.00403985614 -0.112371296 -0.705062747
  vertex -0.00444436679 -0.111871302 -0.705356598
  endloop
 endfacet

 facet normal 0.565127015 0.707062602 0.425081193
  outer loop
  vertex -0.00444436679 -0.111871302 -0.705356598
  vertex -0.00403985614 -0.112371296 -0.705062747
  vertex -0.00394046959 -0.112371288 -0.70519489
  endloop
 endfacet

 facet normal 0.514846981 0.685440421 0.514882505
  outer loop
  vertex -0.00444436679 -0.111871302 -0.705356598
  vertex -0.00394046959 -0.112371288 -0.70519489
  vertex -0.00322759431 -0.111871243 -0.706573367
  endloop
 endfacet

 facet normal 0.494090766 0.703583121 0.510729849
  outer loop
  vertex -0.00394046959 -0.112371288 -0.70519489
  vertex -0.00293369452 -0.112371258 -0.70616889
  vertex -0.00322759431 -0.111871243 -0.706573367
  endloop
 endfacet

 facet normal 0.401371002 0.706983447 0.582302094
  outer loop
  vertex -0.00322759431 -0.111871243 -0.706573367
  vertex -0.00293369452 -0.112371258 -0.70616889
  vertex -0.00272950437 -0.112371251 -0.706309617
  endloop
 endfacet

 facet normal 0.33371973 0.677939296 0.655003488
  outer loop
  vertex -0.00322759431 -0.111871243 -0.706573367
  vertex -0.00272950437 -0.112371251 -0.706309617
  vertex -0.00169437297 -0.11187119 -0.707354605
  endloop
 endfacet

 facet normal 0.30662486 0.703976452 0.640623391
  outer loop
  vertex -0.00272950437 -0.112371251 -0.706309617
  vertex -0.00153985585 -0.112371206 -0.706879079
  vertex -0.00169437297 -0.11187119 -0.707354605
  endloop
 endfacet

 facet normal 0.196181357 0.706888616 0.67957449
  outer loop
  vertex -0.00169437297 -0.11187119 -0.707354605
  vertex -0.00153985585 -0.112371206 -0.706879079
  vertex -0.00122218777 -0.112371199 -0.706970811
  endloop
 endfacet

 facet normal 0.11593163 0.671354651 0.732012928
  outer loop
  vertex -0.00169437297 -0.11187119 -0.707354605
  vertex -0.00122218777 -0.112371199 -0.706970811
  vertex 5.22495156e-06 -0.111871161 -0.70762378
  endloop
 endfacet

 facet normal 0.0877766237 0.704377055 0.70437789
  outer loop
  vertex -0.00122218777 -0.112371199 -0.706970811
  vertex 5.23527524e-06 -0.112371169 -0.707123816
  vertex 5.22495156e-06 -0.111871161 -0.70762378
  endloop
 endfacet

 facet normal -0.0292329825 0.706802964 0.706806242
  outer loop
  vertex 5.22495156e-06 -0.111871161 -0.70762378
  vertex 5.23527524e-06 -0.112371169 -0.707123816
  vertex 0.000418118958 -0.112371162 -0.707106709
  endloop
 endfacet

 facet normal -0.116741851 0.66574955 0.736986339
  outer loop
  vertex 5.22495156e-06 -0.111871161 -0.70762378
  vertex 0.000418118958 -0.112371162 -0.707106709
  vertex 0.00170482288 -0.111871131 -0.707354605
  endloop
 endfacet

 facet normal -0.139860928 0.704711199 0.695572495
  outer loop
  vertex 0.000418118958 -0.112371162 -0.707106709
  vertex 0.00155032077 -0.112371139 -0.706879079
  vertex 0.00170482288 -0.111871131 -0.707354605
  endloop
 endfacet

 facet normal -0.251754701 0.706652582 0.661257625
  outer loop
  vertex 0.00170482288 -0.111871131 -0.707354605
  vertex 0.00155032077 -0.112371139 -0.706879079
  vertex 0.00201370544 -0.112371132 -0.706702709
  endloop
 endfacet

 facet normal -0.340613037 0.661160529 0.668468058
  outer loop
  vertex 0.00170482288 -0.111871131 -0.707354605
  vertex 0.00201370544 -0.112371132 -0.706702709
  vertex 0.00323803793 -0.111871116 -0.706573367
  endloop
 endfacet

 facet normal -0.352896571 0.705027103 0.615142941
  outer loop
  vertex 0.00201370544 -0.112371132 -0.706702709
  vertex 0.00294416095 -0.112371139 -0.70616889
  vertex 0.00323803793 -0.111871116 -0.706573367
  endloop
 endfacet

 facet normal -0.448419809 0.70648247 0.547541916
  outer loop
  vertex 0.00323803793 -0.111871116 -0.706573367
  vertex 0.00294416095 -0.112371139 -0.70616889
  vertex 0.00339163584 -0.112371139 -0.705802441
  endloop
 endfacet

 facet normal -0.532661498 0.657673895 0.532669425
  outer loop
  vertex 0.00323803793 -0.111871116 -0.706573367
  vertex 0.00339163584 -0.112371139 -0.705802441
  vertex 0.00445481436 -0.111871138 -0.705356598
  endloop
 endfacet

 facet normal -0.529394984 0.705339909 0.471419781
  outer loop
  vertex 0.00339163584 -0.112371139 -0.705802441
  vertex 0.00405031908 -0.112371147 -0.705062747
  vertex 0.00445481436 -0.111871138 -0.705356598
  endloop
 endfacet

 facet normal -0.598946869 0.706311762 0.377341092
  outer loop
  vertex 0.00445481436 -0.111871138 -0.705356598
  vertex 0.00405031908 -0.112371147 -0.705062747
  vertex 0.00440259976 -0.112371154 -0.704503536
  endloop
 endfacet

 facet normal -0.67300868 0.655332506 0.342926592
  outer loop
  vertex 0.00445481436 -0.111871138 -0.705356598
  vertex 0.00440259976 -0.112371154 -0.704503536
  vertex 0.00523603475 -0.111871161 -0.703823388
  endloop
 endfacet

 facet normal -0.65123111 0.705623925 0.27927199
  outer loop
  vertex 0.00440259976 -0.112371154 -0.704503536
  vertex 0.00476051355 -0.112371162 -0.703668892
  vertex 0.00523603475 -0.111871161 -0.703823388
  endloop
 endfacet

 facet normal -0.687843561 0.706112504 0.168156132
  outer loop
  vertex 0.00523603475 -0.111871161 -0.703823388
  vertex 0.00476051355 -0.112371162 -0.703668892
  vertex 0.00493703457 -0.112371176 -0.702946782
  endloop
 endfacet

 facet normal -0.747039437 0.654163182 0.118332773
  outer loop
  vertex 0.00523603475 -0.111871161 -0.703823388
  vertex 0.00493703457 -0.112371176 -0.702946782
  vertex 0.00550522143 -0.111871198 -0.702123761
  endloop
 endfacet

 facet normal -0.705902994 0.705887973 0.0585081577
  outer loop
  vertex 0.00550522143 -0.111871198 -0.702123761
  vertex 0.00493703457 -0.112371176 -0.702946782
  vertex 0.0050052274 -0.112371199 -0.702123821
  endloop
 endfacet

 facet normal -0.702721655 0.702707946 -0.111282736
  outer loop
  vertex 0.00550522143 -0.111871198 -0.702123761
  vertex 0.0050052274 -0.112371199 -0.702123821
  vertex 0.00523602497 -0.111871243 -0.700424194
  endloop
 endfacet

 facet normal -0.800813437 0.595227897 -0.0663459152
  outer loop
  vertex 0.0050052274 -0.112371199 -0.702123821
  vertex 0.00493702944 -0.112371221 -0.7013008
  vertex 0.00523602497 -0.111871243 -0.700424194
  endloop
 endfacet

 facet normal -0.687846124 0.706118405 -0.168120712
  outer loop
  vertex 0.00523602497 -0.111871243 -0.700424194
  vertex 0.00493702944 -0.112371221 -0.7013008
  vertex 0.00476051122 -0.112371244 -0.70057869
  endloop
 endfacet

 facet normal -0.633939624 0.702711582 -0.322981417
  outer loop
  vertex 0.00523602497 -0.111871243 -0.700424194
  vertex 0.00476051122 -0.112371244 -0.70057869
  vertex 0.00445481203 -0.111871302 -0.698890984
  endloop
 endfacet

 facet normal -0.728762984 0.609307408 -0.312488437
  outer loop
  vertex 0.00476051122 -0.112371244 -0.70057869
  vertex 0.0044025979 -0.112371273 -0.699744046
  vertex 0.00445481203 -0.111871302 -0.698890984
  endloop
 endfacet

 facet normal -0.598934293 0.706342638 -0.377303362
  outer loop
  vertex 0.00445481203 -0.111871302 -0.698890984
  vertex 0.0044025979 -0.112371273 -0.699744046
  vertex 0.00405030232 -0.112371296 -0.699184895
  endloop
 endfacet

 facet normal -0.503092587 0.702728093 -0.503061712
  outer loop
  vertex 0.00445481203 -0.111871302 -0.698890984
  vertex 0.00405030232 -0.112371296 -0.699184895
  vertex 0.00323803024 -0.111871354 -0.697674215
  endloop
 endfacet

 facet normal -0.584309101 0.622807682 -0.520282149
  outer loop
  vertex 0.00405030232 -0.112371296 -0.699184895
  vertex 0.00339162559 -0.112371325 -0.698445201
  vertex 0.00323803024 -0.111871354 -0.697674215
  endloop
 endfacet

 facet normal -0.448397756 0.706530273 -0.547498405
  outer loop
  vertex 0.00323803024 -0.111871354 -0.697674215
  vertex 0.00339162559 -0.112371325 -0.698445201
  vertex 0.0029441407 -0.112371348 -0.698078692
  endloop
 endfacet

 facet normal -0.323008984 0.702733755 -0.633901
  outer loop
  vertex 0.00323803024 -0.111871354 -0.697674215
  vertex 0.0029441407 -0.112371348 -0.698078692
  vertex 0.00170479727 -0.111871406 -0.696892977
  endloop
 endfacet

 facet normal -0.384133309 0.6357342 -0.669539928
  outer loop
  vertex 0.0029441407 -0.112371348 -0.698078692
  vertex 0.00201370963 -0.112371378 -0.697544932
  vertex 0.00170479727 -0.111871406 -0.696892977
  endloop
 endfacet

 facet normal -0.251746267 0.706687152 -0.661224008
  outer loop
  vertex 0.00170479727 -0.111871406 -0.696892977
  vertex 0.00201370963 -0.112371378 -0.697544932
  vertex 0.00155031099 -0.112371393 -0.697368503
  endloop
 endfacet

 facet normal -0.111306593 0.702734351 -0.702691495
  outer loop
  vertex 0.00170479727 -0.111871406 -0.696892977
  vertex 0.00155031099 -0.112371393 -0.697368503
  vertex 5.20838057e-06 -0.111871436 -0.696623802
  endloop
 endfacet

 facet normal -0.150124103 0.64814055 -0.746576548
  outer loop
  vertex 0.00155031099 -0.112371393 -0.697368503
  vertex 0.000418113952 -0.112371422 -0.697140872
  vertex 5.20838057e-06 -0.111871436 -0.696623802
  endloop
 endfacet

 facet normal -0.0292595811 0.706812561 -0.706795573
  outer loop
  vertex 5.20838057e-06 -0.111871436 -0.696623802
  vertex 0.000418113952 -0.112371422 -0.697140872
  vertex 5.22255641e-06 -0.112371437 -0.697123826
  endloop
 endfacet

 facet normal 0.111284539 0.702725112 -0.702704191
  outer loop
  vertex 5.20838057e-06 -0.111871436 -0.696623802
  vertex 5.22255641e-06 -0.112371437 -0.697123826
  vertex -0.00169437774 -0.111871466 -0.696892977
  endloop
 endfacet

 facet normal 0.0929204002 0.660038173 -0.745463312
  outer loop
  vertex 5.22255641e-06 -0.112371437 -0.697123826
  vertex -0.00122221129 -0.112371445 -0.697276831
  vertex -0.00169437774 -0.111871466 -0.696892977
  endloop
 endfacet

 facet normal 0.196195751 0.706941724 -0.679515004
  outer loop
  vertex -0.00169437774 -0.111871466 -0.696892977
  vertex -0.00122221129 -0.112371445 -0.697276831
  vertex -0.00153986563 -0.112371445 -0.697368503
  endloop
 endfacet

 facet normal 0.322983921 0.702742279 -0.633904397
  outer loop
  vertex -0.00169437774 -0.111871466 -0.696892977
  vertex -0.00153986563 -0.112371445 -0.697368503
  vertex -0.00322761387 -0.111871481 -0.697674215
  endloop
 endfacet

 facet normal 0.31996125 0.671420038 -0.668445885
  outer loop
  vertex -0.00153986563 -0.112371445 -0.697368503
  vertex -0.00272951671 -0.11237146 -0.697937965
  vertex -0.00322761387 -0.111871481 -0.697674215
  endloop
 endfacet

 facet normal 0.401357025 0.70703429 -0.582249939
  outer loop
  vertex -0.00322761387 -0.111871481 -0.697674215
  vertex -0.00272951671 -0.11237146 -0.697937965
  vertex -0.00293369405 -0.11237146 -0.698078752
  endloop
 endfacet

 facet normal 0.503068388 0.702750862 -0.503054142
  outer loop
  vertex -0.00322761387 -0.111871481 -0.697674215
  vertex -0.00293369405 -0.11237146 -0.698078752
  vertex -0.00444437843 -0.111871466 -0.698890984
  endloop
 endfacet

 facet normal 0.508327127 0.68230027 -0.525423527
  outer loop
  vertex -0.00293369405 -0.11237146 -0.698078752
  vertex -0.00394047657 -0.11237146 -0.699052751
  vertex -0.00444437843 -0.111871466 -0.698890984
  endloop
 endfacet

 facet normal 0.565153956 0.707083106 -0.425011337
  outer loop
  vertex -0.00444437843 -0.111871466 -0.698890984
  vertex -0.00394047657 -0.11237146 -0.699052751
  vertex -0.00403985195 -0.112371452 -0.699184895
  endloop
 endfacet

 facet normal 0.633912683 0.702736199 -0.322980732
  outer loop
  vertex -0.00444437843 -0.111871466 -0.698890984
  vertex -0.00403985195 -0.112371452 -0.699184895
  vertex -0.00522558996 -0.111871444 -0.700424194
  endloop
 endfacet

 facet normal 0.639863372 0.69273299 -0.332710028
  outer loop
  vertex -0.00403985195 -0.112371452 -0.699184895
  vertex -0.00472385343 -0.112371437 -0.700500309
  vertex -0.00522558996 -0.111871444 -0.700424194
  endloop
 endfacet

 facet normal 0.670655847 0.707102954 -0.224112183
  outer loop
  vertex -0.00522558996 -0.111871444 -0.700424194
  vertex -0.00472385343 -0.112371437 -0.700500309
  vertex -0.00475005852 -0.112371437 -0.700578749
  endloop
 endfacet

 facet normal 0.702710032 0.702719688 -0.111282274
  outer loop
  vertex -0.00522558996 -0.111871444 -0.700424194
  vertex -0.00475005852 -0.112371437 -0.700578749
  vertex -0.00549477618 -0.111871406 -0.702123821
  endloop
 endfacet

 facet normal 0.702697635 0.702733696 -0.111271821
  outer loop
  vertex -0.00549477618 -0.111871406 -0.702123821
  vertex -0.00475005852 -0.112371437 -0.700578749
  vertex -0.00499476958 -0.112371385 -0.702123821
  endloop
 endfacet

 facet normal 0.702696383 0.702728331 0.111313477
  outer loop
  vertex -0.00549477618 -0.111871406 -0.702123821
  vertex -0.00499476958 -0.112371385 -0.702123821
  vertex -0.00522559183 -0.111871354 -0.703823388
  endloop
 endfacet

 facet normal 0.702696383 0.702728331 0.111313477
  outer loop
  vertex -0.00522559183 -0.111871354 -0.703823388
  vertex -0.00499476958 -0.112371385 -0.702123821
  vertex -0.00475005619 -0.11237134 -0.703668892
  endloop
 endfacet

 facet normal 0.670652092 0.707106709 0.224111602
  outer loop
  vertex -0.00522559183 -0.111871354 -0.703823388
  vertex -0.00475005619 -0.11237134 -0.703668892
  vertex -0.00472386042 -0.11237134 -0.703747332
  endloop
 endfacet

 facet normal -0.656164706 -0.750048637 -0.0829160139
  outer loop
  vertex -0.00822750106 -0.123871408 -0.704237998
  vertex -0.00849455222 -0.123871468 -0.702124119
  vertex -0.00892358553 -0.123371437 -0.703252137
  endloop
 endfacet

 facet normal -0.695251882 -0.706421912 -0.132638112
  outer loop
  vertex -0.00892358553 -0.123371437 -0.703252137
  vertex -0.00871181581 -0.123371407 -0.704362333
  vertex -0.00822750106 -0.123871408 -0.704237998
  endloop
 endfacet

 facet normal -0.673143029 -0.706418633 -0.218749195
  outer loop
  vertex -0.00822750106 -0.123871408 -0.704237998
  vertex -0.00871181581 -0.123371407 -0.704362333
  vertex -0.00836254284 -0.12337137 -0.705437243
  endloop
 endfacet

 facet normal -0.614933372 -0.750045002 -0.243494451
  outer loop
  vertex -0.00822750106 -0.123871408 -0.704237998
  vertex -0.00836254284 -0.12337137 -0.705437243
  vertex -0.00744315237 -0.123871341 -0.706219018
  endloop
 endfacet

 facet normal -0.640432 -0.706408679 -0.301386297
  outer loop
  vertex -0.00744315237 -0.123871341 -0.706219018
  vertex -0.00836254284 -0.12337137 -0.705437243
  vertex -0.00788131449 -0.123371333 -0.70645988
  endloop
 endfacet

 facet normal -0.57430923 -0.704299212 -0.417290807
  outer loop
  vertex -0.00744315237 -0.123871341 -0.706219018
  vertex -0.00788131449 -0.123371333 -0.70645988
  vertex -0.00619077962 -0.123871267 -0.707942784
  endloop
 endfacet

 facet normal -0.523438692 -0.784631431 -0.332212925
  outer loop
  vertex -0.00788131449 -0.123371333 -0.70645988
  vertex -0.00727571594 -0.123371296 -0.70741415
  vertex -0.00619077962 -0.123871267 -0.707942784
  endloop
 endfacet

 facet normal -0.545357823 -0.706407905 -0.451190472
  outer loop
  vertex -0.00619077962 -0.123871267 -0.707942784
  vertex -0.00727571594 -0.123371296 -0.70741415
  vertex -0.00655527925 -0.123371258 -0.708285034
  endloop
 endfacet

 facet normal -0.452493608 -0.704298139 -0.547004342
  outer loop
  vertex -0.00619077962 -0.123871267 -0.707942784
  vertex -0.00655527925 -0.123371258 -0.708285034
  vertex -0.00454907306 -0.1238712 -0.709300935
  endloop
 endfacet

 facet normal -0.424384117 -0.784618556 -0.451964557
  outer loop
  vertex -0.00655527925 -0.123371258 -0.708285034
  vertex -0.00573136937 -0.123371221 -0.709058702
  vertex -0.00454907306 -0.1238712 -0.709300935
  endloop
 endfacet

 facet normal -0.416027009 -0.706403553 -0.572639167
  outer loop
  vertex -0.00454907306 -0.1238712 -0.709300935
  vertex -0.00573136937 -0.123371221 -0.709058702
  vertex -0.00481699174 -0.123371199 -0.709723055
  endloop
 endfacet

 facet normal -0.302244365 -0.704294145 -0.642353535
  outer loop
  vertex -0.00454907306 -0.1238712 -0.709300935
  vertex -0.00481699174 -0.123371199 -0.709723055
  vertex -0.00262118923 -0.123871133 -0.710208118
  endloop
 endfacet

 facet normal -0.298653007 -0.784618258 -0.543305278
  outer loop
  vertex -0.00481699174 -0.123371199 -0.709723055
  vertex -0.00382656278 -0.123371162 -0.710267544
  vertex -0.00262118923 -0.123871133 -0.710208118
  endloop
 endfacet

 facet normal -0.260545611 -0.706395984 -0.658119082
  outer loop
  vertex -0.00262118923 -0.123871133 -0.710208118
  vertex -0.00382656278 -0.123371162 -0.710267544
  vertex -0.00277570635 -0.123371132 -0.710683584
  endloop
 endfacet

 facet normal -0.133008629 -0.704286575 -0.697344422
  outer loop
  vertex -0.00262118923 -0.123871133 -0.710208118
  vertex -0.00277570635 -0.123371132 -0.710683584
  vertex -0.000528265664 -0.123871095 -0.71060735
  endloop
 endfacet

 facet normal -0.154161304 -0.784602821 -0.600527048
  outer loop
  vertex -0.00277570635 -0.123371132 -0.710683584
  vertex -0.00168098253 -0.123371102 -0.71096468
  vertex -0.000528265664 -0.123871095 -0.71060735
  endloop
 endfacet

 facet normal -0.0887037069 -0.706388354 -0.702244401
  outer loop
  vertex -0.000528265664 -0.123871095 -0.71060735
  vertex -0.00168098253 -0.123371102 -0.71096468
  vertex -0.00055966439 -0.123371072 -0.71110636
  endloop
 endfacet

 facet normal 0.0445933491 -0.704280615 -0.708519816
  outer loop
  vertex -0.000528265664 -0.123871095 -0.71060735
  vertex -0.00055966439 -0.123371072 -0.71110636
  vertex 0.00159819797 -0.123871051 -0.710473537
  endloop
 endfacet

 facet normal 2.29124253e-05 -0.784604013 -0.619997203
  outer loop
  vertex -0.00055966439 -0.123371072 -0.71110636
  vertex 0.000570566219 -0.12337105 -0.7111063
  vertex 0.00159819797 -0.123871051 -0.710473537
  endloop
 endfacet

 facet normal 0.0887117833 -0.706399798 -0.702231884
  outer loop
  vertex 0.00159819797 -0.123871051 -0.710473537
  vertex 0.000570566219 -0.12337105 -0.7111063
  vertex 0.00169188017 -0.123371042 -0.71096468
  endloop
 endfacet

 facet normal 0.219375595 -0.704292893 -0.675163627
  outer loop
  vertex 0.00159819797 -0.123871051 -0.710473537
  vertex 0.00169188017 -0.123371042 -0.71096468
  vertex 0.00362458383 -0.123871036 -0.709815145
  endloop
 endfacet

 facet normal 0.15420112 -0.784602046 -0.600517869
  outer loop
  vertex 0.00169188017 -0.123371042 -0.71096468
  vertex 0.00278659677 -0.123371027 -0.710683584
  vertex 0.00362458383 -0.123871036 -0.709815145
  endloop
 endfacet

 facet normal 0.260584295 -0.706373394 -0.658128023
  outer loop
  vertex 0.00362458383 -0.123871036 -0.709815145
  vertex 0.00278659677 -0.123371027 -0.710683584
  vertex 0.00383746275 -0.123371013 -0.710267544
  endloop
 endfacet

 facet normal 0.38040942 -0.704266727 -0.599413991
  outer loop
  vertex 0.00362458383 -0.123871036 -0.709815145
  vertex 0.00383746275 -0.123371013 -0.710267544
  vertex 0.00542355794 -0.123871028 -0.708673477
  endloop
 endfacet

 facet normal 0.298687845 -0.784607351 -0.54330188
  outer loop
  vertex 0.00383746275 -0.123371013 -0.710267544
  vertex 0.00482788496 -0.123371005 -0.709723055
  vertex 0.00542355794 -0.123871028 -0.708673477
  endloop
 endfacet

 facet normal 0.416039437 -0.706393957 -0.572641969
  outer loop
  vertex 0.00542355794 -0.123871028 -0.708673477
  vertex 0.00482788496 -0.123371005 -0.709723055
  vertex 0.00574226119 -0.123371013 -0.709058702
  endloop
 endfacet

 facet normal 0.517503977 -0.704288125 -0.485971153
  outer loop
  vertex 0.00542355794 -0.123871028 -0.708673477
  vertex 0.00574226119 -0.123371013 -0.709058702
  vertex 0.00688209943 -0.123871036 -0.70712024
  endloop
 endfacet

 facet normal 0.424404979 -0.784616828 -0.451947927
  outer loop
  vertex 0.00574226119 -0.123371013 -0.709058702
  vertex 0.00656616641 -0.12337102 -0.708285034
  vertex 0.00688209943 -0.123871036 -0.70712024
  endloop
 endfacet

 facet normal 0.545378864 -0.706396759 -0.451182425
  outer loop
  vertex 0.00688209943 -0.123871036 -0.70712024
  vertex 0.00656616641 -0.12337102 -0.708285034
  vertex 0.00728660403 -0.12337102 -0.70741415
  endloop
 endfacet

 facet normal 0.622093856 -0.704292059 -0.342011899
  outer loop
  vertex 0.00688209943 -0.123871036 -0.70712024
  vertex 0.00728660403 -0.12337102 -0.70741415
  vertex 0.0079085445 -0.123871073 -0.705253184
  endloop
 endfacet

 facet normal 0.523476779 -0.784605563 -0.332213968
  outer loop
  vertex 0.00728660403 -0.12337102 -0.70741415
  vertex 0.00789220817 -0.123371035 -0.70645988
  vertex 0.0079085445 -0.123871073 -0.705253184
  endloop
 endfacet

 facet normal 0.640460253 -0.706384063 -0.301384032
  outer loop
  vertex 0.0079085445 -0.123871073 -0.705253184
  vertex 0.00789220817 -0.123371035 -0.70645988
  vertex 0.00837343279 -0.12337105 -0.705437183
  endloop
 endfacet

 facet normal 0.687613845 -0.704282165 -0.176561475
  outer loop
  vertex 0.0079085445 -0.123871073 -0.705253184
  vertex 0.00837343279 -0.12337105 -0.705437183
  vertex 0.00843841583 -0.12387111 -0.703189433
  endloop
 endfacet

 facet normal 0.589649141 -0.78460443 -0.191598684
  outer loop
  vertex 0.00837343279 -0.12337105 -0.705437183
  vertex 0.00872268155 -0.123371072 -0.704362273
  vertex 0.00843841583 -0.12387111 -0.703189433
  endloop
 endfacet

 facet normal 0.695281863 -0.706390142 -0.13265048
  outer loop
  vertex 0.00843841583 -0.12387111 -0.703189433
  vertex 0.00872268155 -0.123371072 -0.704362273
  vertex 0.00893447176 -0.123371094 -0.703252077
  endloop
 endfacet

 facet normal 0.706422448 -0.706392527 -0.0444638282
  outer loop
  vertex 0.00843841583 -0.12387111 -0.703189433
  vertex 0.00893447176 -0.123371094 -0.703252077
  vertex 0.00850544404 -0.12387114 -0.702124119
  endloop
 endfacet

 facet normal 0.706413805 -0.706400692 -0.0444707386
  outer loop
  vertex 0.00850544404 -0.12387114 -0.702124119
  vertex 0.00893447176 -0.123371094 -0.703252077
  vertex 0.00900544133 -0.123371132 -0.702124059
  endloop
 endfacet

 facet normal 0.706413031 -0.706404388 0.0444233567
  outer loop
  vertex 0.00850544404 -0.12387114 -0.702124119
  vertex 0.00900544133 -0.123371132 -0.702124059
  vertex 0.00843842234 -0.12387117 -0.701058745
  endloop
 endfacet

 facet normal 0.70641315 -0.706404328 0.044423461
  outer loop
  vertex 0.00843842234 -0.12387117 -0.701058745
  vertex 0.00900544133 -0.123371132 -0.702124059
  vertex 0.00893447641 -0.123371162 -0.700996101
  endloop
 endfacet

 facet normal 0.687601686 -0.704303324 0.176524088
  outer loop
  vertex 0.00843842234 -0.12387117 -0.701058745
  vertex 0.00893447641 -0.123371162 -0.700996101
  vertex 0.00790854357 -0.12387123 -0.698995054
  endloop
 endfacet

 facet normal 0.608998001 -0.784620881 0.116152897
  outer loop
  vertex 0.00893447641 -0.123371162 -0.700996101
  vertex 0.00872268621 -0.123371199 -0.699885845
  vertex 0.00790854357 -0.12387123 -0.698995054
  endloop
 endfacet

 facet normal 0.673171639 -0.706405461 0.218703717
  outer loop
  vertex 0.00790854357 -0.12387123 -0.698995054
  vertex 0.00872268621 -0.123371199 -0.699885845
  vertex 0.00837342441 -0.123371229 -0.698810935
  endloop
 endfacet

 facet normal 0.622099996 -0.704303622 0.341976821
  outer loop
  vertex 0.00790854357 -0.12387123 -0.698995054
  vertex 0.00837342441 -0.123371229 -0.698810935
  vertex 0.00688208779 -0.123871297 -0.697127938
  endloop
 endfacet

 facet normal 0.560978472 -0.784622312 0.263952762
  outer loop
  vertex 0.00688208779 -0.123871297 -0.697127938
  vertex 0.00837342441 -0.123371229 -0.698810935
  vertex 0.0078921942 -0.123371266 -0.697788298
  endloop
 endfacet

 facet normal 0.597632825 -0.706407487 0.379240483
  outer loop
  vertex 0.0078921942 -0.123371266 -0.697788298
  vertex 0.00728658587 -0.123371303 -0.696834028
  vertex 0.00688208779 -0.123871297 -0.697127938
  endloop
 endfacet

 facet normal 0.545380354 -0.706409872 0.451160192
  outer loop
  vertex 0.00688208779 -0.123871297 -0.697127938
  vertex 0.00728658587 -0.123371303 -0.696834028
  vertex 0.00656614918 -0.123371325 -0.695963144
  endloop
 endfacet

 facet normal 0.482149452 -0.750040531 0.452737391
  outer loop
  vertex 0.00688208779 -0.123871297 -0.697127938
  vertex 0.00656614918 -0.123371325 -0.695963144
  vertex 0.00542354025 -0.123871371 -0.69557476
  endloop
 endfacet

 facet normal 0.48454386 -0.706402183 0.515958607
  outer loop
  vertex 0.00656614918 -0.123371325 -0.695963144
  vertex 0.00574224861 -0.123371363 -0.695189476
  vertex 0.00542354025 -0.123871371 -0.69557476
  endloop
 endfacet

 facet normal 0.416056335 -0.706403792 0.572617471
  outer loop
  vertex 0.00542354025 -0.123871371 -0.69557476
  vertex 0.00574224861 -0.123371363 -0.695189476
  vertex 0.00482787099 -0.1233714 -0.694525123
  endloop
 endfacet

 facet normal 0.354399979 -0.750048339 0.55841583
  outer loop
  vertex 0.00542354025 -0.123871371 -0.69557476
  vertex 0.00482787099 -0.1233714 -0.694525123
  vertex 0.00362455403 -0.123871423 -0.694433093
  endloop
 endfacet

 facet normal 0.341001004 -0.7064206 0.620232463
  outer loop
  vertex 0.00482787099 -0.1233714 -0.694525123
  vertex 0.00383743295 -0.123371437 -0.693980634
  vertex 0.00362455403 -0.123871423 -0.694433093
  endloop
 endfacet

 facet normal 0.2605744 -0.706423283 0.658078372
  outer loop
  vertex 0.00362455403 -0.123871423 -0.694433093
  vertex 0.00383743295 -0.123371437 -0.693980634
  vertex 0.00278657628 -0.123371467 -0.693564594
  endloop
 endfacet

 facet normal 0.204395488 -0.750060141 0.628993094
  outer loop
  vertex 0.00362455403 -0.123871423 -0.694433093
  vertex 0.00278657628 -0.123371467 -0.693564594
  vertex 0.0015981741 -0.123871483 -0.693774641
  endloop
 endfacet

 facet normal 0.176039428 -0.706425488 0.685545981
  outer loop
  vertex 0.00278657628 -0.123371467 -0.693564594
  vertex 0.00169186445 -0.123371504 -0.693283498
  vertex 0.0015981741 -0.123871483 -0.693774641
  endloop
 endfacet

 facet normal 0.0887206048 -0.70642662 0.702203751
  outer loop
  vertex 0.0015981741 -0.123871483 -0.693774641
  vertex 0.00169186445 -0.123371504 -0.693283498
  vertex 0.000570543576 -0.123371527 -0.693141878
  endloop
 endfacet

 facet normal 0.0415427051 -0.750060558 0.660063267
  outer loop
  vertex 0.0015981741 -0.123871483 -0.693774641
  vertex 0.000570543576 -0.123371527 -0.693141878
  vertex -0.000528284523 -0.123871535 -0.693640888
  endloop
 endfacet

 facet normal 1.25985825e-05 -0.706424177 0.707788825
  outer loop
  vertex 0.000570543576 -0.123371527 -0.693141878
  vertex -0.000559684355 -0.123371542 -0.693141878
  vertex -0.000528284523 -0.123871535 -0.693640888
  endloop
 endfacet

 facet normal -0.0886965841 -0.70642525 0.702208161
  outer loop
  vertex -0.000528284523 -0.123871535 -0.693640888
  vertex -0.000559684355 -0.123371542 -0.693141878
  vertex -0.00168101001 -0.123371556 -0.693283498
  endloop
 endfacet

 facet normal -0.123920552 -0.750067413 0.64964813
  outer loop
  vertex -0.000528284523 -0.123871535 -0.693640888
  vertex -0.00168101001 -0.123371556 -0.693283498
  vertex -0.0026212146 -0.123871557 -0.69404012
  endloop
 endfacet

 facet normal -0.176009163 -0.706436336 0.685542524
  outer loop
  vertex -0.00168101001 -0.123371556 -0.693283498
  vertex -0.00277572684 -0.123371579 -0.693564594
  vertex -0.0026212146 -0.123871557 -0.69404012
  endloop
 endfacet

 facet normal -0.260544151 -0.706436515 0.658076108
  outer loop
  vertex -0.0026212146 -0.123871557 -0.69404012
  vertex -0.00277572684 -0.123371579 -0.693564594
  vertex -0.00382658094 -0.123371586 -0.693980634
  endloop
 endfacet

 facet normal -0.281588107 -0.750073254 0.59841311
  outer loop
  vertex -0.0026212146 -0.123871557 -0.69404012
  vertex -0.00382658094 -0.123371586 -0.693980634
  vertex -0.00454908982 -0.123871572 -0.694947362
  endloop
 endfacet

 facet normal -0.340980351 -0.706431568 0.62023133
  outer loop
  vertex -0.00382658094 -0.123371586 -0.693980634
  vertex -0.00481701503 -0.123371579 -0.694525123
  vertex -0.00454908982 -0.123871572 -0.694947362
  endloop
 endfacet

 facet normal -0.416021764 -0.706431329 0.57260865
  outer loop
  vertex -0.00454908982 -0.123871572 -0.694947362
  vertex -0.00481701503 -0.123371579 -0.694525123
  vertex -0.00573139079 -0.123371586 -0.695189476
  endloop
 endfacet

 facet normal -0.421567649 -0.750065267 0.509590864
  outer loop
  vertex -0.00454908982 -0.123871572 -0.694947362
  vertex -0.00573139079 -0.123371586 -0.695189476
  vertex -0.00619079592 -0.12387158 -0.696305454
  endloop
 endfacet

 facet normal -0.484511465 -0.706429183 0.51595211
  outer loop
  vertex -0.00573139079 -0.123371586 -0.695189476
  vertex -0.00655529648 -0.123371586 -0.695963204
  vertex -0.00619079592 -0.12387158 -0.696305454
  endloop
 endfacet

 facet normal -0.545366347 -0.706428707 0.451147527
  outer loop
  vertex -0.00619079592 -0.12387158 -0.696305454
  vertex -0.00655529648 -0.123371586 -0.695963204
  vertex -0.00727571314 -0.123371579 -0.696834028
  endloop
 endfacet

 facet normal -0.535066485 -0.750059426 0.388734877
  outer loop
  vertex -0.00619079592 -0.12387158 -0.696305454
  vertex -0.00727571314 -0.123371579 -0.696834028
  vertex -0.00744317193 -0.123871543 -0.69802922
  endloop
 endfacet

 facet normal -0.597599208 -0.70643276 0.379246563
  outer loop
  vertex -0.00727571314 -0.123371579 -0.696834028
  vertex -0.0078813266 -0.123371564 -0.697788298
  vertex -0.00744317193 -0.123871543 -0.69802922
  endloop
 endfacet

 facet normal -0.640426159 -0.706430793 0.301346958
  outer loop
  vertex -0.00744317193 -0.123871543 -0.69802922
  vertex -0.0078813266 -0.123371564 -0.697788298
  vertex -0.00836255029 -0.123371549 -0.698810995
  endloop
 endfacet

 facet normal -0.614926636 -0.750064075 0.243452415
  outer loop
  vertex -0.00744317193 -0.123871543 -0.69802922
  vertex -0.00836255029 -0.123371549 -0.698810995
  vertex -0.00822751317 -0.123871513 -0.70001024
  endloop
 endfacet

 facet normal -0.67315805 -0.706419408 0.218700573
  outer loop
  vertex -0.00836255029 -0.123371549 -0.698810995
  vertex -0.00871181209 -0.123371519 -0.699885905
  vertex -0.00822751317 -0.123871513 -0.70001024
  endloop
 endfacet

 facet normal -0.695260346 -0.70641762 0.132616714
  outer loop
  vertex -0.00822751317 -0.123871513 -0.70001024
  vertex -0.00871181209 -0.123371519 -0.699885905
  vertex -0.00892360229 -0.123371497 -0.700996101
  endloop
 endfacet

 facet normal -0.656159043 -0.750058115 0.0828742832
  outer loop
  vertex -0.00822751317 -0.123871513 -0.70001024
  vertex -0.00892360229 -0.123371497 -0.700996101
  vertex -0.00849455222 -0.123871468 -0.702124119
  endloop
 endfacet

 facet normal -0.706401885 -0.706415892 0.0444200337
  outer loop
  vertex -0.00849455222 -0.123871468 -0.702124119
  vertex -0.00892360229 -0.123371497 -0.700996101
  vertex -0.00899455976 -0.123371467 -0.702124119
  endloop
 endfacet

 facet normal -0.706401289 -0.706413686 -0.0444656461
  outer loop
  vertex -0.00849455222 -0.123871468 -0.702124119
  vertex -0.00899455976 -0.123371467 -0.702124119
  vertex -0.00892358553 -0.123371437 -0.703252137
  endloop
 endfacet

 facet normal 0.70427382 0.704328656 0.0889914706
  outer loop
  vertex 0.00900523365 -0.112371124 -0.702123821
  vertex 0.00823816378 -0.111871205 -0.700009942
  vertex 0.00872247852 -0.112371191 -0.699885607
  endloop
 endfacet

 facet normal 0.660022199 0.7043221 0.26134485
  outer loop
  vertex 0.00872247852 -0.112371191 -0.699885607
  vertex 0.00823816378 -0.111871205 -0.700009942
  vertex 0.00745381508 -0.111871272 -0.698028862
  endloop
 endfacet

 facet normal 0.660027623 0.704314947 0.261350453
  outer loop
  vertex 0.00872247852 -0.112371191 -0.699885607
  vertex 0.00745381508 -0.111871272 -0.698028862
  vertex 0.00789197721 -0.112371258 -0.697788
  endloop
 endfacet

 facet normal 0.574303329 0.70431006 0.417280495
  outer loop
  vertex 0.00789197721 -0.112371258 -0.697788
  vertex 0.00745381508 -0.111871272 -0.698028862
  vertex 0.00620144233 -0.111871324 -0.696305156
  endloop
 endfacet

 facet normal 0.574304581 0.704307914 0.417282581
  outer loop
  vertex 0.00789197721 -0.112371258 -0.697788
  vertex 0.00620144233 -0.111871324 -0.696305156
  vertex 0.0065659415 -0.112371333 -0.695962906
  endloop
 endfacet

 facet normal 0.452493608 0.704298139 0.547004342
  outer loop
  vertex 0.0065659415 -0.112371333 -0.695962906
  vertex 0.00620144233 -0.111871324 -0.696305156
  vertex 0.00455973577 -0.111871399 -0.694947004
  endloop
 endfacet

 facet normal 0.452496231 0.7042889 0.547014117
  outer loop
  vertex 0.0065659415 -0.112371333 -0.695962906
  vertex 0.00455973577 -0.111871399 -0.694947004
  vertex 0.00482765445 -0.112371407 -0.694524825
  endloop
 endfacet

 facet normal 0.302248865 0.704283655 0.642363071
  outer loop
  vertex 0.00482765445 -0.112371407 -0.694524825
  vertex 0.00455973577 -0.111871399 -0.694947004
  vertex 0.0026318517 -0.111871459 -0.694039822
  endloop
 endfacet

 facet normal 0.302248746 0.704291403 0.642354548
  outer loop
  vertex 0.00482765445 -0.112371407 -0.694524825
  vertex 0.0026318517 -0.111871459 -0.694039822
  vertex 0.00278636883 -0.11237146 -0.693564296
  endloop
 endfacet

 facet normal 0.133003861 0.704286277 0.697345614
  outer loop
  vertex 0.00278636883 -0.11237146 -0.693564296
  vertex 0.0026318517 -0.111871459 -0.694039822
  vertex 0.00053892826 -0.111871518 -0.69364059
  endloop
 endfacet

 facet normal 0.133005887 0.704294145 0.69733727
  outer loop
  vertex 0.00278636883 -0.11237146 -0.693564296
  vertex 0.00053892826 -0.111871518 -0.69364059
  vertex 0.000570326985 -0.112371519 -0.69314158
  endloop
 endfacet

 facet normal -0.0445877537 0.704291523 0.708509326
  outer loop
  vertex 0.000570326985 -0.112371519 -0.69314158
  vertex 0.00053892826 -0.111871518 -0.69364059
  vertex -0.00158753525 -0.111871541 -0.693774343
  endloop
 endfacet

 facet normal -0.044591248 0.704284787 0.708515823
  outer loop
  vertex 0.000570326985 -0.112371519 -0.69314158
  vertex -0.00158753525 -0.111871541 -0.693774343
  vertex -0.00168121746 -0.112371564 -0.6932832
  endloop
 endfacet

 facet normal -0.219383597 0.704281926 0.675172389
  outer loop
  vertex -0.00168121746 -0.112371564 -0.6932832
  vertex -0.00158753525 -0.111871541 -0.693774343
  vertex -0.00361392112 -0.11187157 -0.694432795
  endloop
 endfacet

 facet normal -0.219383657 0.704281926 0.675172448
  outer loop
  vertex -0.00168121746 -0.112371564 -0.6932832
  vertex -0.00361392112 -0.11187157 -0.694432795
  vertex -0.00382678839 -0.112371579 -0.693980396
  endloop
 endfacet

 facet normal -0.380398929 0.704278588 0.599406719
  outer loop
  vertex -0.00382678839 -0.112371579 -0.693980396
  vertex -0.00361392112 -0.11187157 -0.694432795
  vertex -0.00541289523 -0.11187157 -0.695574462
  endloop
 endfacet

 facet normal -0.380399019 0.704278409 0.599406779
  outer loop
  vertex -0.00382678839 -0.112371579 -0.693980396
  vertex -0.00541289523 -0.11187157 -0.695574462
  vertex -0.00573159847 -0.112371594 -0.695189178
  endloop
 endfacet

 facet normal -0.517512202 0.704277456 0.485977829
  outer loop
  vertex -0.00573159847 -0.112371594 -0.695189178
  vertex -0.00541289523 -0.11187157 -0.695574462
  vertex -0.00687142508 -0.111871563 -0.69712764
  endloop
 endfacet

 facet normal -0.517498612 0.704290628 0.485973209
  outer loop
  vertex -0.00573159847 -0.112371594 -0.695189178
  vertex -0.00687142508 -0.111871563 -0.69712764
  vertex -0.00727592967 -0.112371571 -0.69683373
  endloop
 endfacet

 facet normal -0.622095346 0.704291821 0.342009395
  outer loop
  vertex -0.00727592967 -0.112371571 -0.69683373
  vertex -0.00687142508 -0.111871563 -0.69712764
  vertex -0.00789788179 -0.111871533 -0.698994756
  endloop
 endfacet

 facet normal -0.622104526 0.704283416 0.342010081
  outer loop
  vertex -0.00727592967 -0.112371571 -0.69683373
  vertex -0.00789788179 -0.111871533 -0.698994756
  vertex -0.00836275797 -0.112371542 -0.698810697
  endloop
 endfacet

 facet normal -0.687608361 0.704286456 0.176565155
  outer loop
  vertex -0.00836275797 -0.112371542 -0.698810697
  vertex -0.00789788179 -0.111871533 -0.698994756
  vertex -0.00842775311 -0.111871481 -0.701058507
  endloop
 endfacet

 facet normal -0.687609553 0.704285502 0.176564977
  outer loop
  vertex -0.00836275797 -0.112371542 -0.698810697
  vertex -0.00842775311 -0.111871481 -0.701058507
  vertex -0.00892380904 -0.112371504 -0.700995803
  endloop
 endfacet

 facet normal -0.709914386 0.704287946 1.98069447e-05
  outer loop
  vertex -0.00892380904 -0.112371504 -0.700995803
  vertex -0.00842775311 -0.111871481 -0.701058507
  vertex -0.00842775963 -0.111871429 -0.703189135
  endloop
 endfacet

 facet normal -0.70992434 0.704277933 1.52828343e-05
  outer loop
  vertex -0.00892380904 -0.112371504 -0.700995803
  vertex -0.00842775963 -0.111871429 -0.703189135
  vertex -0.00892380159 -0.112371445 -0.703251839
  endloop
 endfacet

 facet normal -0.687620759 0.70428282 -0.176531687
  outer loop
  vertex -0.00892380159 -0.112371445 -0.703251839
  vertex -0.00842775963 -0.111871429 -0.703189135
  vertex -0.00789787807 -0.111871362 -0.705252826
  endloop
 endfacet

 facet normal -0.687620521 0.704283178 -0.176531479
  outer loop
  vertex -0.00892380159 -0.112371445 -0.703251839
  vertex -0.00789787807 -0.111871362 -0.705252826
  vertex -0.00836274959 -0.112371378 -0.705436945
  endloop
 endfacet

 facet normal -0.622110248 0.704291284 -0.341983378
  outer loop
  vertex -0.00836274959 -0.112371378 -0.705436945
  vertex -0.00789787807 -0.111871362 -0.705252826
  vertex -0.00687141344 -0.111871295 -0.707120001
  endloop
 endfacet

 facet normal -0.622104347 0.704300344 -0.341975451
  outer loop
  vertex -0.00836274959 -0.112371378 -0.705436945
  vertex -0.00687141344 -0.111871295 -0.707120001
  vertex -0.00727592316 -0.112371303 -0.707413912
  endloop
 endfacet

 facet normal -0.517507017 0.704305649 -0.485942632
  outer loop
  vertex -0.00727592316 -0.112371303 -0.707413912
  vertex -0.00687141344 -0.111871295 -0.707120001
  vertex -0.00541287754 -0.111871235 -0.708673179
  endloop
 endfacet

 facet normal -0.517506897 0.704305828 -0.485942423
  outer loop
  vertex -0.00727592316 -0.112371303 -0.707413912
  vertex -0.00541287754 -0.111871235 -0.708673179
  vertex -0.0057315859 -0.112371229 -0.709058404
  endloop
 endfacet

 facet normal -0.380396008 0.704309344 -0.599372387
  outer loop
  vertex -0.0057315859 -0.112371229 -0.709058404
  vertex -0.00541287754 -0.111871235 -0.708673179
  vertex -0.00361389131 -0.111871168 -0.709814847
  endloop
 endfacet

 facet normal -0.38039583 0.704310775 -0.599370897
  outer loop
  vertex -0.0057315859 -0.112371229 -0.709058404
  vertex -0.00361389131 -0.111871168 -0.709814847
  vertex -0.00382677023 -0.112371154 -0.710267246
  endloop
 endfacet

 facet normal -0.219385982 0.704318941 -0.675133169
  outer loop
  vertex -0.00382677023 -0.112371154 -0.710267246
  vertex -0.00361389131 -0.111871168 -0.709814847
  vertex -0.00158751151 -0.111871108 -0.710473239
  endloop
 endfacet

 facet normal -0.219383657 0.704300165 -0.675153494
  outer loop
  vertex -0.00382677023 -0.112371154 -0.710267246
  vertex -0.00158751151 -0.111871108 -0.710473239
  vertex -0.00168118998 -0.112371109 -0.710964382
  endloop
 endfacet

 facet normal -0.0445837341 0.704303622 -0.708497524
  outer loop
  vertex -0.00168118998 -0.112371109 -0.710964382
  vertex -0.00158751151 -0.111871108 -0.710473239
  vertex 0.000538947177 -0.111871071 -0.710607052
  endloop
 endfacet

 facet normal -0.0445905849 0.704321265 -0.708479583
  outer loop
  vertex -0.00168118998 -0.112371109 -0.710964382
  vertex 0.000538947177 -0.111871071 -0.710607052
  vertex 0.000570358767 -0.112371057 -0.711106062
  endloop
 endfacet

 facet normal 0.133007109 0.704325795 -0.697305083
  outer loop
  vertex 0.000570358767 -0.112371057 -0.711106062
  vertex 0.000538947177 -0.111871071 -0.710607052
  vertex 0.00263187732 -0.111871041 -0.71020776
  endloop
 endfacet

 facet normal 0.133006185 0.704327226 -0.697303772
  outer loop
  vertex 0.000570358767 -0.112371057 -0.711106062
  vertex 0.00263187732 -0.111871041 -0.71020776
  vertex 0.00278638932 -0.11237102 -0.710683346
  endloop
 endfacet

 facet normal 0.302246302 0.704330802 -0.642312527
  outer loop
  vertex 0.00278638932 -0.11237102 -0.710683346
  vertex 0.00263187732 -0.111871041 -0.71020776
  vertex 0.00455975253 -0.111871019 -0.709300578
  endloop
 endfacet

 facet normal 0.302247673 0.704329073 -0.642313659
  outer loop
  vertex 0.00278638932 -0.11237102 -0.710683346
  vertex 0.00455975253 -0.111871019 -0.709300578
  vertex 0.00482767774 -0.112371013 -0.709722757
  endloop
 endfacet

 facet normal 0.452495039 0.704325318 -0.546968043
  outer loop
  vertex 0.00482767774 -0.112371013 -0.709722757
  vertex 0.00455975253 -0.111871019 -0.709300578
  vertex 0.00620145863 -0.111871034 -0.707942426
  endloop
 endfacet

 facet normal 0.452486604 0.704333961 -0.54696393
  outer loop
  vertex 0.00482767774 -0.112371013 -0.709722757
  vertex 0.00620145863 -0.111871034 -0.707942426
  vertex 0.00656595873 -0.112371013 -0.708284736
  endloop
 endfacet

 facet normal 0.574299335 0.704333842 -0.417246073
  outer loop
  vertex 0.00656595873 -0.112371013 -0.708284736
  vertex 0.00620145863 -0.111871034 -0.707942426
  vertex 0.00745383417 -0.111871049 -0.706218719
  endloop
 endfacet

 facet normal 0.574313045 0.704321027 -0.417248815
  outer loop
  vertex 0.00656595873 -0.112371013 -0.708284736
  vertex 0.00745383417 -0.111871049 -0.706218719
  vertex 0.00789200142 -0.112371042 -0.706459582
  endloop
 endfacet

 facet normal 0.660037994 0.704318702 -0.261313915
  outer loop
  vertex 0.00789200142 -0.112371042 -0.706459582
  vertex 0.00745383417 -0.111871049 -0.706218719
  vertex 0.00823817588 -0.111871079 -0.70423764
  endloop
 endfacet

 facet normal 0.660039663 0.704317331 -0.261313856
  outer loop
  vertex 0.00789200142 -0.112371042 -0.706459582
  vertex 0.00823817588 -0.111871079 -0.70423764
  vertex 0.0087224748 -0.11237108 -0.704362035
  endloop
 endfacet

 facet normal 0.70429641 0.704310834 -0.0889549777
  outer loop
  vertex 0.0087224748 -0.11237108 -0.704362035
  vertex 0.00823817588 -0.111871079 -0.70423764
  vertex 0.00850522704 -0.111871146 -0.702123761
  endloop
 endfacet

 facet normal 0.704285502 0.704321265 -0.0889583528
  outer loop
  vertex 0.0087224748 -0.11237108 -0.704362035
  vertex 0.00850522704 -0.111871146 -0.702123761
  vertex 0.00900523365 -0.112371124 -0.702123821
  endloop
 endfacet

 facet normal 0.704284608 0.704317033 0.0889981538
  outer loop
  vertex 0.00900523365 -0.112371124 -0.702123821
  vertex 0.00850522704 -0.111871146 -0.702123761
  vertex 0.00823816378 -0.111871205 -0.700009942
  endloop
 endfacet

 facet normal -0.500910878 0.735605657 0.456040114
  outer loop
  vertex 0.00363844214 -0.118867256 -0.698688745
  vertex 0.00444951653 -0.118684351 -0.698092937
  vertex 0.00388766616 -0.118521236 -0.698973179
  endloop
 endfacet

 facet normal -0.613296449 0.608041704 0.504135728
  outer loop
  vertex 0.00388766616 -0.118521236 -0.698973179
  vertex 0.00444951653 -0.118684351 -0.698092937
  vertex 0.00457149092 -0.118446313 -0.698231637
  endloop
 endfacet

 facet normal -0.648191631 0.532931745 0.543903828
  outer loop
  vertex 0.00388766616 -0.118521236 -0.698973179
  vertex 0.00457149092 -0.118446313 -0.698231637
  vertex 0.00391780538 -0.118446313 -0.69901067
  endloop
 endfacet

 facet normal -0.707704246 0.382764637 0.593840003
  outer loop
  vertex 0.00391780538 -0.118446313 -0.69901067
  vertex 0.00457149092 -0.118446313 -0.698231637
  vertex 0.0039898362 -0.118169248 -0.699103415
  endloop
 endfacet

 facet normal -0.707654595 0.382860482 0.593837321
  outer loop
  vertex 0.0039898362 -0.118169248 -0.699103415
  vertex 0.00457149092 -0.118446313 -0.698231637
  vertex 0.00464622956 -0.118169479 -0.698321044
  endloop
 endfacet

 facet normal -0.759497583 0.130625308 0.637260139
  outer loop
  vertex 0.0039898362 -0.118169248 -0.699103415
  vertex 0.00464622956 -0.118169479 -0.698321044
  vertex 0.00401404686 -0.117871299 -0.699135602
  endloop
 endfacet

 facet normal -0.759461403 0.13075006 0.637277722
  outer loop
  vertex 0.00401404686 -0.117871299 -0.699135602
  vertex 0.00464622956 -0.118169479 -0.698321044
  vertex 0.00467150146 -0.117871307 -0.698352098
  endloop
 endfacet

 facet normal -0.759468794 -0.13068521 0.637282133
  outer loop
  vertex 0.00401404686 -0.117871299 -0.699135602
  vertex 0.00467150146 -0.117871307 -0.698352098
  vertex 0.00398982316 -0.117573336 -0.699103355
  endloop
 endfacet

 facet normal -0.759472966 -0.130729973 0.637268066
  outer loop
  vertex 0.00398982316 -0.117573336 -0.699103355
  vertex 0.00467150146 -0.117871307 -0.698352098
  vertex 0.00464624399 -0.117573269 -0.698321044
  endloop
 endfacet

 facet normal -0.707672954 -0.382844031 0.593826175
  outer loop
  vertex 0.00398982316 -0.117573336 -0.699103355
  vertex 0.00464624399 -0.117573269 -0.698321044
  vertex 0.00391778024 -0.117296301 -0.699010611
  endloop
 endfacet

 facet normal -0.707666576 -0.382902801 0.593795896
  outer loop
  vertex 0.00391778024 -0.117296301 -0.699010611
  vertex 0.00464624399 -0.117573269 -0.698321044
  vertex 0.00457146578 -0.117296316 -0.698231578
  endloop
 endfacet

 facet normal -0.607657909 -0.608918786 0.509872377
  outer loop
  vertex 0.00391778024 -0.117296301 -0.699010611
  vertex 0.00457146578 -0.117296316 -0.698231578
  vertex 0.00379922101 -0.11705789 -0.698867202
  endloop
 endfacet

 facet normal -0.607726514 -0.608717203 0.510031223
  outer loop
  vertex 0.00379922101 -0.11705789 -0.698867202
  vertex 0.00457146578 -0.117296316 -0.698231578
  vertex 0.0044494723 -0.117058277 -0.698092878
  endloop
 endfacet

 facet normal -0.466292709 -0.793447256 0.391168177
  outer loop
  vertex 0.00379922101 -0.11705789 -0.698867202
  vertex 0.0044494723 -0.117058277 -0.698092878
  vertex 0.0036383986 -0.116875388 -0.698688745
  endloop
 endfacet

 facet normal -0.4663679 -0.793335795 0.391304791
  outer loop
  vertex 0.0036383986 -0.116875388 -0.698688745
  vertex 0.0044494723 -0.117058277 -0.698092878
  vertex 0.00428475766 -0.116875403 -0.697918415
  endloop
 endfacet

 facet normal -0.271479756 -0.935103595 0.227771983
  outer loop
  vertex 0.0036383986 -0.116875388 -0.698688745
  vertex 0.00428475766 -0.116875403 -0.697918415
  vertex 0.00339170918 -0.116744474 -0.69844532
  endloop
 endfacet

 facet normal -0.286190569 -0.923451662 0.255601346
  outer loop
  vertex 0.00339170918 -0.116744474 -0.69844532
  vertex 0.00428475766 -0.116875403 -0.697918415
  vertex 0.0040881685 -0.116761588 -0.697727323
  endloop
 endfacet

 facet normal -0.0832812861 -0.994890332 0.0570757203
  outer loop
  vertex 0.00339170918 -0.116744474 -0.69844532
  vertex 0.0040881685 -0.116761588 -0.697727323
  vertex 0.00321925106 -0.11672134 -0.698293686
  endloop
 endfacet

 facet normal -0.103134349 -0.990782619 0.0878250152
  outer loop
  vertex 0.00321925106 -0.11672134 -0.698293686
  vertex 0.0040881685 -0.116761588 -0.697727323
  vertex 0.00386779406 -0.116721377 -0.697532475
  endloop
 endfacet

 facet normal 0.0995489061 -0.991407394 -0.0848608315
  outer loop
  vertex 0.00321925106 -0.11672134 -0.698293686
  vertex 0.00386779406 -0.116721377 -0.697532475
  vertex 0.00298510538 -0.116760671 -0.698108852
  endloop
 endfacet

 facet normal 0.0977027491 -0.991831303 -0.0820044726
  outer loop
  vertex 0.00298510538 -0.116760671 -0.698108852
  vertex 0.00386779406 -0.116721377 -0.697532475
  vertex 0.00362882554 -0.116760693 -0.697341621
  endloop
 endfacet

 facet normal 0.293339044 -0.923775315 -0.246153206
  outer loop
  vertex 0.00298510538 -0.116760671 -0.698108852
  vertex 0.00362882554 -0.116760693 -0.697341621
  vertex 0.00275744474 -0.116875425 -0.697949529
  endloop
 endfacet

 facet normal 0.293327421 -0.923783898 -0.246134982
  outer loop
  vertex 0.00275744474 -0.116875425 -0.697949529
  vertex 0.00362882554 -0.116760693 -0.697341621
  vertex 0.0034038038 -0.116875425 -0.697179198
  endloop
 endfacet

 facet normal 0.466324627 -0.793366194 -0.391294599
  outer loop
  vertex 0.00275744474 -0.116875425 -0.697949529
  vertex 0.0034038038 -0.116875425 -0.697179198
  vertex 0.00255365157 -0.117058061 -0.697822094
  endloop
 endfacet

 facet normal 0.466339439 -0.793344915 -0.391320229
  outer loop
  vertex 0.00255365157 -0.117058061 -0.697822094
  vertex 0.0034038038 -0.116875425 -0.697179198
  vertex 0.0032036237 -0.117058091 -0.697047412
  endloop
 endfacet

 facet normal 0.607717156 -0.608806729 -0.509935498
  outer loop
  vertex 0.00255365157 -0.117058061 -0.697822094
  vertex 0.0032036237 -0.117058091 -0.697047412
  vertex 0.0023919309 -0.117296368 -0.697730303
  endloop
 endfacet

 facet normal 0.607710958 -0.608824372 -0.509921968
  outer loop
  vertex 0.0023919309 -0.117296368 -0.697730303
  vertex 0.0032036237 -0.117058091 -0.697047412
  vertex 0.00304560759 -0.117296368 -0.69695127
  endloop
 endfacet

 facet normal 0.707703054 -0.382795185 -0.593821764
  outer loop
  vertex 0.0023919309 -0.117296368 -0.697730303
  vertex 0.00304560759 -0.117296368 -0.69695127
  vertex 0.00228809239 -0.117573395 -0.697675467
  endloop
 endfacet

 facet normal 0.707726061 -0.382598609 -0.593921006
  outer loop
  vertex 0.00228809239 -0.117573395 -0.697675467
  vertex 0.00304560759 -0.117296368 -0.69695127
  vertex 0.00294444384 -0.11757376 -0.696893096
  endloop
 endfacet

 facet normal 0.759504199 -0.130669892 -0.637243152
  outer loop
  vertex 0.00228809239 -0.117573395 -0.697675467
  vertex 0.00294444384 -0.11757376 -0.696893096
  vertex 0.002252148 -0.117871374 -0.697657228
  endloop
 endfacet

 facet normal 0.759492278 -0.130534232 -0.637285173
  outer loop
  vertex 0.002252148 -0.117871374 -0.697657228
  vertex 0.00294444384 -0.11757376 -0.696893096
  vertex 0.00290959352 -0.117871381 -0.696873665
  endloop
 endfacet

 facet normal 0.759472966 0.130733922 -0.637267172
  outer loop
  vertex 0.002252148 -0.117871374 -0.697657228
  vertex 0.00290959352 -0.117871381 -0.696873665
  vertex 0.00228810543 -0.118169352 -0.697675467
  endloop
 endfacet

 facet normal 0.759364307 0.131104201 -0.637320638
  outer loop
  vertex 0.00228810543 -0.118169352 -0.697675467
  vertex 0.00290959352 -0.117871381 -0.696873665
  vertex 0.00294473348 -0.118170224 -0.696893275
  endloop
 endfacet

 facet normal 0.707762182 0.382840484 -0.593722045
  outer loop
  vertex 0.00228810543 -0.118169352 -0.697675467
  vertex 0.00294473348 -0.118170224 -0.696893275
  vertex 0.00239194673 -0.118446365 -0.697730303
  endloop
 endfacet

 facet normal 0.70757097 0.383203745 -0.593715608
  outer loop
  vertex 0.00239194673 -0.118446365 -0.697730303
  vertex 0.00294473348 -0.118170224 -0.696893275
  vertex 0.00304563274 -0.11844638 -0.69695127
  endloop
 endfacet

 facet normal 0.607754827 0.608754039 -0.509953618
  outer loop
  vertex 0.00239194673 -0.118446365 -0.697730303
  vertex 0.00304563274 -0.11844638 -0.69695127
  vertex 0.00255351863 -0.118684493 -0.697822034
  endloop
 endfacet

 facet normal 0.607746243 0.608764291 -0.509951591
  outer loop
  vertex 0.00255351863 -0.118684493 -0.697822034
  vertex 0.00304563274 -0.11844638 -0.69695127
  vertex 0.00320349075 -0.118684463 -0.697047353
  endloop
 endfacet

 facet normal 0.466336459 0.79335314 -0.391306937
  outer loop
  vertex 0.00255351863 -0.118684493 -0.697822034
  vertex 0.00320349075 -0.118684463 -0.697047353
  vertex 0.00275748805 -0.118867293 -0.697949529
  endloop
 endfacet

 facet normal 0.466363013 0.793333113 -0.391315967
  outer loop
  vertex 0.00275748805 -0.118867293 -0.697949529
  vertex 0.00320349075 -0.118684463 -0.697047353
  vertex 0.00340384711 -0.118867293 -0.697179258
  endloop
 endfacet

 facet normal 0.293147773 0.923884392 -0.24597156
  outer loop
  vertex 0.00275748805 -0.118867293 -0.697949529
  vertex 0.00340384711 -0.118867293 -0.697179258
  vertex 0.00298550981 -0.118982136 -0.69810921
  endloop
 endfacet

 facet normal 0.293091625 0.923908174 -0.245949298
  outer loop
  vertex 0.00298550981 -0.118982136 -0.69810921
  vertex 0.00340384711 -0.118867293 -0.697179258
  vertex 0.00362934754 -0.118982174 -0.697342098
  endloop
 endfacet

 facet normal 0.100012384 0.991443038 -0.0838949904
  outer loop
  vertex 0.00298550981 -0.118982136 -0.69810921
  vertex 0.00362934754 -0.118982174 -0.697342098
  vertex 0.00321925036 -0.119021334 -0.698293746
  endloop
 endfacet

 facet normal 0.0999524444 0.991451204 -0.0838694945
  outer loop
  vertex 0.00321925036 -0.119021334 -0.698293746
  vertex 0.00362934754 -0.118982174 -0.697342098
  vertex 0.00386206713 -0.119021341 -0.697527707
  endloop
 endfacet

 facet normal -0.0768361092 0.994956255 0.0644847304
  outer loop
  vertex 0.00321925036 -0.119021334 -0.698293746
  vertex 0.00386206713 -0.119021341 -0.697527707
  vertex 0.00339175854 -0.118998185 -0.69844538
  endloop
 endfacet

 facet normal -0.106136128 0.991176009 0.0794060603
  outer loop
  vertex 0.00339175854 -0.118998185 -0.69844538
  vertex 0.00386206713 -0.119021341 -0.697527707
  vertex 0.00408797851 -0.118981175 -0.697727144
  endloop
 endfacet

 facet normal -0.264904469 0.935291767 0.234637901
  outer loop
  vertex 0.00339175854 -0.118998185 -0.69844538
  vertex 0.00408797851 -0.118981175 -0.697727144
  vertex 0.00363844214 -0.118867256 -0.698688745
  endloop
 endfacet

 facet normal -0.294306725 0.923253 0.246956676
  outer loop
  vertex 0.00363844214 -0.118867256 -0.698688745
  vertex 0.00408797851 -0.118981175 -0.697727144
  vertex 0.00428480096 -0.118867256 -0.697918475
  endloop
 endfacet

 facet normal -0.466400325 0.793290377 0.391358107
  outer loop
  vertex 0.00363844214 -0.118867256 -0.698688745
  vertex 0.00428480096 -0.118867256 -0.697918475
  vertex 0.00444951653 -0.118684351 -0.698092937
  endloop
 endfacet

 facet normal -2.18322803e-05 1 2.51583915e-05
  outer loop
  vertex -0.00169437297 -0.11187119 -0.707354605
  vertex -0.00361389131 -0.111871168 -0.709814847
  vertex -0.00322759431 -0.111871243 -0.706573367
  endloop
 endfacet

 facet normal -2.18322803e-05 1 2.51583915e-05
  outer loop
  vertex -0.00322759431 -0.111871243 -0.706573367
  vertex -0.00361389131 -0.111871168 -0.709814847
  vertex -0.00541287754 -0.111871235 -0.708673179
  endloop
 endfacet

 facet normal -2.18322803e-05 1 2.51583915e-05
  outer loop
  vertex -0.00322759431 -0.111871243 -0.706573367
  vertex -0.00541287754 -0.111871235 -0.708673179
  vertex -0.00444436679 -0.111871302 -0.705356598
  endloop
 endfacet

 facet normal -1.92345906e-05 1 2.43998056e-05
  outer loop
  vertex -0.00444436679 -0.111871302 -0.705356598
  vertex -0.00541287754 -0.111871235 -0.708673179
  vertex -0.00687141344 -0.111871295 -0.707120001
  endloop
 endfacet

 facet normal -1.7740982e-05 1 2.5160849e-05
  outer loop
  vertex -0.00444436679 -0.111871302 -0.705356598
  vertex -0.00687141344 -0.111871295 -0.707120001
  vertex -0.00522559183 -0.111871354 -0.703823388
  endloop
 endfacet

 facet normal -1.45230224e-05 1 3.00955398e-05
  outer loop
  vertex 0.00445481436 -0.111871138 -0.705356598
  vertex 0.00620145863 -0.111871034 -0.707942426
  vertex 0.00323803793 -0.111871116 -0.706573367
  endloop
 endfacet

 facet normal -1.47997735e-05 1 2.94964921e-05
  outer loop
  vertex 0.00323803793 -0.111871116 -0.706573367
  vertex 0.00620145863 -0.111871034 -0.707942426
  vertex 0.00455975253 -0.111871019 -0.709300578
  endloop
 endfacet

 facet normal -1.72361943e-05 1 2.7850776e-05
  outer loop
  vertex 0.00323803793 -0.111871116 -0.706573367
  vertex 0.00455975253 -0.111871019 -0.709300578
  vertex 0.00170482288 -0.111871131 -0.707354605
  endloop
 endfacet

 facet normal -1.96726141e-05 1 2.62050598e-05
  outer loop
  vertex 0.00170482288 -0.111871131 -0.707354605
  vertex 0.00455975253 -0.111871019 -0.709300578
  vertex 0.00263187732 -0.111871041 -0.71020776
  endloop
 endfacet

 facet normal -2.18322803e-05 1 2.51583915e-05
  outer loop
  vertex 0.00170482288 -0.111871131 -0.707354605
  vertex 0.00263187732 -0.111871041 -0.71020776
  vertex 5.22495156e-06 -0.111871161 -0.70762378
  endloop
 endfacet

 facet normal -2.18322803e-05 1 2.51583915e-05
  outer loop
  vertex 5.22495156e-06 -0.111871161 -0.70762378
  vertex 0.00263187732 -0.111871041 -0.71020776
  vertex 0.000538947177 -0.111871071 -0.710607052
  endloop
 endfacet

 facet normal -2.18322803e-05 1 2.51583915e-05
  outer loop
  vertex 5.22495156e-06 -0.111871161 -0.70762378
  vertex 0.000538947177 -0.111871071 -0.710607052
  vertex -0.00169437297 -0.11187119 -0.707354605
  endloop
 endfacet

 facet normal -1.9491401e-05 1 2.52386053e-05
  outer loop
  vertex -0.00169437297 -0.11187119 -0.707354605
  vertex 0.000538947177 -0.111871071 -0.710607052
  vertex -0.00158751151 -0.111871108 -0.710473239
  endloop
 endfacet

 facet normal -1.9491401e-05 1 2.52386053e-05
  outer loop
  vertex -0.00169437297 -0.11187119 -0.707354605
  vertex -0.00158751151 -0.111871108 -0.710473239
  vertex -0.00361389131 -0.111871168 -0.709814847
  endloop
 endfacet

 facet normal -1.63046443e-05 1 2.59504886e-05
  outer loop
  vertex -0.00687141344 -0.111871295 -0.707120001
  vertex -0.00789787807 -0.111871362 -0.705252826
  vertex -0.00522559183 -0.111871354 -0.703823388
  endloop
 endfacet

 facet normal -1.72680648e-05 1 2.71286881e-05
  outer loop
  vertex -0.00522559183 -0.111871354 -0.703823388
  vertex -0.00789787807 -0.111871362 -0.705252826
  vertex -0.00842775963 -0.111871429 -0.703189135
  endloop
 endfacet

 facet normal -1.71030115e-05 1 2.65926792e-05
  outer loop
  vertex -0.00522559183 -0.111871354 -0.703823388
  vertex -0.00842775963 -0.111871429 -0.703189135
  vertex -0.00549477618 -0.111871406 -0.702123821
  endloop
 endfacet

 facet normal -1.69031027e-05 1 2.58316322e-05
  outer loop
  vertex -0.00549477618 -0.111871406 -0.702123821
  vertex -0.00842775963 -0.111871429 -0.703189135
  vertex -0.00842775311 -0.111871481 -0.701058507
  endloop
 endfacet

 facet normal -1.69359773e-05 1 2.51583824e-05
  outer loop
  vertex -0.00549477618 -0.111871406 -0.702123821
  vertex -0.00842775311 -0.111871481 -0.701058507
  vertex -0.00522558996 -0.111871444 -0.700424194
  endloop
 endfacet

 facet normal -1.74053766e-05 1 2.70209421e-05
  outer loop
  vertex -0.00522558996 -0.111871444 -0.700424194
  vertex -0.00842775311 -0.111871481 -0.701058507
  vertex -0.00789788179 -0.111871533 -0.698994756
  endloop
 endfacet

 facet normal -1.9098894e-05 1 2.70209475e-05
  outer loop
  vertex -0.00522558996 -0.111871444 -0.700424194
  vertex -0.00789788179 -0.111871533 -0.698994756
  vertex -0.00444437843 -0.111871466 -0.698890984
  endloop
 endfacet

 facet normal -2.07002886e-05 1 2.7274582e-05
  outer loop
  vertex -0.00444437843 -0.111871466 -0.698890984
  vertex -0.00789788179 -0.111871533 -0.698994756
  vertex -0.00687142508 -0.111871563 -0.69712764
  endloop
 endfacet

 facet normal -2.01144776e-05 1 2.75227558e-05
  outer loop
  vertex -0.00444437843 -0.111871466 -0.698890984
  vertex -0.00687142508 -0.111871563 -0.69712764
  vertex -0.00322761387 -0.111871481 -0.697674215
  endloop
 endfacet

 facet normal -1.74983543e-05 1 2.73666283e-05
  outer loop
  vertex 0.00445481203 -0.111871302 -0.698890984
  vertex 0.00745381508 -0.111871272 -0.698028862
  vertex 0.00523602497 -0.111871243 -0.700424194
  endloop
 endfacet

 facet normal -1.7374201e-05 1 2.72516772e-05
  outer loop
  vertex 0.00523602497 -0.111871243 -0.700424194
  vertex 0.00745381508 -0.111871272 -0.698028862
  vertex 0.00823816378 -0.111871205 -0.700009942
  endloop
 endfacet

 facet normal -1.71997272e-05 1 2.67720498e-05
  outer loop
  vertex 0.00523602497 -0.111871243 -0.700424194
  vertex 0.00823816378 -0.111871205 -0.700009942
  vertex 0.00550522143 -0.111871198 -0.702123761
  endloop
 endfacet

 facet normal -1.6988688e-05 1 2.62451467e-05
  outer loop
  vertex 0.00550522143 -0.111871198 -0.702123761
  vertex 0.00823816378 -0.111871205 -0.700009942
  vertex 0.00850522704 -0.111871146 -0.702123761
  endloop
 endfacet

 facet normal -1.69018003e-05 1 2.53617836e-05
  outer loop
  vertex 0.00550522143 -0.111871198 -0.702123761
  vertex 0.00850522704 -0.111871146 -0.702123761
  vertex 0.00523603475 -0.111871161 -0.703823388
  endloop
 endfacet

 facet normal -1.82022231e-05 1 2.74148188e-05
  outer loop
  vertex 0.00523603475 -0.111871161 -0.703823388
  vertex 0.00850522704 -0.111871146 -0.702123761
  vertex 0.00823817588 -0.111871079 -0.70423764
  endloop
 endfacet

 facet normal -1.74214856e-05 1 2.88513602e-05
  outer loop
  vertex 0.00523603475 -0.111871161 -0.703823388
  vertex 0.00823817588 -0.111871079 -0.70423764
  vertex 0.00445481436 -0.111871138 -0.705356598
  endloop
 endfacet

 facet normal -1.9077168e-05 1 2.91135912e-05
  outer loop
  vertex 0.00445481436 -0.111871138 -0.705356598
  vertex 0.00823817588 -0.111871079 -0.70423764
  vertex 0.00745383417 -0.111871049 -0.706218719
  endloop
 endfacet

 facet normal -1.69594423e-05 1 2.84498237e-05
  outer loop
  vertex 0.00445481436 -0.111871138 -0.705356598
  vertex 0.00745383417 -0.111871049 -0.706218719
  vertex 0.00620145863 -0.111871034 -0.707942426
  endloop
 endfacet

 facet normal -1.9442592e-05 1 2.2914337e-05
  outer loop
  vertex -0.00687142508 -0.111871563 -0.69712764
  vertex -0.00541289523 -0.11187157 -0.695574462
  vertex -0.00322761387 -0.111871481 -0.697674215
  endloop
 endfacet

 facet normal -1.68756887e-05 1 2.32202547e-05
  outer loop
  vertex -0.00322761387 -0.111871481 -0.697674215
  vertex -0.00541289523 -0.11187157 -0.695574462
  vertex -0.00361392112 -0.11187157 -0.694432795
  endloop
 endfacet

 facet normal -1.80705356e-05 1 2.43422819e-05
  outer loop
  vertex -0.00322761387 -0.111871481 -0.697674215
  vertex -0.00361392112 -0.11187157 -0.694432795
  vertex -0.00169437774 -0.111871466 -0.696892977
  endloop
 endfacet

 facet normal -1.92653788e-05 1 2.54643091e-05
  outer loop
  vertex -0.00169437774 -0.111871466 -0.696892977
  vertex -0.00361392112 -0.11187157 -0.694432795
  vertex -0.00158753525 -0.111871541 -0.693774343
  endloop
 endfacet

 facet normal -2.18322803e-05 1 2.51583915e-05
  outer loop
  vertex -0.00169437774 -0.111871466 -0.696892977
  vertex -0.00158753525 -0.111871541 -0.693774343
  vertex 5.20838057e-06 -0.111871436 -0.696623802
  endloop
 endfacet

 facet normal -1.95758112e-05 1 2.64196897e-05
  outer loop
  vertex 5.20838057e-06 -0.111871436 -0.696623802
  vertex -0.00158753525 -0.111871541 -0.693774343
  vertex 0.00053892826 -0.111871518 -0.69364059
  endloop
 endfacet

 facet normal -1.64773955e-05 1 2.75303573e-05
  outer loop
  vertex 5.20838057e-06 -0.111871436 -0.696623802
  vertex 0.00053892826 -0.111871518 -0.69364059
  vertex 0.00170479727 -0.111871406 -0.696892977
  endloop
 endfacet

 facet normal -1.64773955e-05 1 2.75303573e-05
  outer loop
  vertex 0.00170479727 -0.111871406 -0.696892977
  vertex 0.00053892826 -0.111871518 -0.69364059
  vertex 0.0026318517 -0.111871459 -0.694039822
  endloop
 endfacet

 facet normal -1.87338665e-05 1 2.62690592e-05
  outer loop
  vertex 0.00170479727 -0.111871406 -0.696892977
  vertex 0.0026318517 -0.111871459 -0.694039822
  vertex 0.00323803024 -0.111871354 -0.697674215
  endloop
 endfacet

 facet normal -2.18322803e-05 1 2.51583915e-05
  outer loop
  vertex 0.00323803024 -0.111871354 -0.697674215
  vertex 0.0026318517 -0.111871459 -0.694039822
  vertex 0.00455973577 -0.111871399 -0.694947004
  endloop
 endfacet

 facet normal -2.03876389e-05 1 2.5894471e-05
  outer loop
  vertex 0.00323803024 -0.111871354 -0.697674215
  vertex 0.00455973577 -0.111871399 -0.694947004
  vertex 0.00445481203 -0.111871302 -0.698890984
  endloop
 endfacet

 facet normal -2.03876389e-05 1 2.5894471e-05
  outer loop
  vertex 0.00445481203 -0.111871302 -0.698890984
  vertex 0.00455973577 -0.111871399 -0.694947004
  vertex 0.00620144233 -0.111871324 -0.696305156
  endloop
 endfacet

 facet normal -1.89429957e-05 1 2.66305506e-05
  outer loop
  vertex 0.00445481203 -0.111871302 -0.698890984
  vertex 0.00620144233 -0.111871324 -0.696305156
  vertex 0.00745381508 -0.111871272 -0.698028862
  endloop
 endfacet

 facet normal 1.70280982e-05 -1 -2.59193166e-05
  outer loop
  vertex 0.00550545054 -0.123871192 -0.702124119
  vertex 0.00843842234 -0.12387117 -0.701058745
  vertex 0.00523625454 -0.123871237 -0.700424492
  endloop
 endfacet

 facet normal 1.69952255e-05 -1 -2.6085283e-05
  outer loop
  vertex 0.00523625454 -0.123871237 -0.700424492
  vertex 0.00843842234 -0.12387117 -0.701058745
  vertex 0.00790854357 -0.12387123 -0.698995054
  endloop
 endfacet

 facet normal 1.71360007e-05 -1 -2.65758754e-05
  outer loop
  vertex 0.00523625454 -0.123871237 -0.700424492
  vertex 0.00790854357 -0.12387123 -0.698995054
  vertex 0.0044550295 -0.123871297 -0.698891282
  endloop
 endfacet

 facet normal 1.72749824e-05 -1 -2.71262033e-05
  outer loop
  vertex 0.0044550295 -0.123871297 -0.698891282
  vertex 0.00790854357 -0.12387123 -0.698995054
  vertex 0.00688208779 -0.123871297 -0.697127938
  endloop
 endfacet

 facet normal 1.77239126e-05 -1 -2.78919215e-05
  outer loop
  vertex 0.0044550295 -0.123871297 -0.698891282
  vertex 0.00688208779 -0.123871297 -0.697127938
  vertex 0.00323826866 -0.123871349 -0.697674513
  endloop
 endfacet

 facet normal 1.70280946e-05 -1 -2.49047444e-05
  outer loop
  vertex 0.00523625221 -0.123871155 -0.703823686
  vertex 0.00843841583 -0.12387111 -0.703189433
  vertex 0.00550545054 -0.123871192 -0.702124119
  endloop
 endfacet

 facet normal 1.69738032e-05 -1 -2.5054218e-05
  outer loop
  vertex 0.00550545054 -0.123871192 -0.702124119
  vertex 0.00843841583 -0.12387111 -0.703189433
  vertex 0.00850544404 -0.12387114 -0.702124119
  endloop
 endfacet

 facet normal 1.6973805e-05 -1 -2.55615014e-05
  outer loop
  vertex 0.00550545054 -0.123871192 -0.702124119
  vertex 0.00850544404 -0.12387114 -0.702124119
  vertex 0.00843842234 -0.12387117 -0.701058745
  endloop
 endfacet

 facet normal 2.18322803e-05 -1 -2.51583915e-05
  outer loop
  vertex 5.45424928e-06 -0.123871155 -0.707624137
  vertex 0.00159819797 -0.123871051 -0.710473537
  vertex 0.00170505221 -0.123871125 -0.707354903
  endloop
 endfacet

 facet normal 1.93534979e-05 -1 -2.50734593e-05
  outer loop
  vertex 0.00170505221 -0.123871125 -0.707354903
  vertex 0.00159819797 -0.123871051 -0.710473537
  vertex 0.00362458383 -0.123871036 -0.709815145
  endloop
 endfacet

 facet normal 1.62993438e-05 -1 -2.54374499e-05
  outer loop
  vertex 0.00170505221 -0.123871125 -0.707354903
  vertex 0.00362458383 -0.123871036 -0.709815145
  vertex 0.00323827635 -0.123871125 -0.706573725
  endloop
 endfacet

 facet normal 1.62993438e-05 -1 -2.54374499e-05
  outer loop
  vertex 0.00323827635 -0.123871125 -0.706573725
  vertex 0.00362458383 -0.123871036 -0.709815145
  vertex 0.00542355794 -0.123871028 -0.708673477
  endloop
 endfacet

 facet normal 1.87781261e-05 -1 -2.55223786e-05
  outer loop
  vertex 0.00323827635 -0.123871125 -0.706573725
  vertex 0.00542355794 -0.123871028 -0.708673477
  vertex 0.00445505278 -0.123871133 -0.705356896
  endloop
 endfacet

 facet normal 2.18322803e-05 -1 -2.51583915e-05
  outer loop
  vertex 0.00445505278 -0.123871133 -0.705356896
  vertex 0.00542355794 -0.123871028 -0.708673477
  vertex 0.00688209943 -0.123871036 -0.70712024
  endloop
 endfacet

 facet normal 2.02308838e-05 -1 -2.4904748e-05
  outer loop
  vertex 0.00445505278 -0.123871133 -0.705356896
  vertex 0.00688209943 -0.123871036 -0.70712024
  vertex 0.00523625221 -0.123871155 -0.703823686
  endloop
 endfacet

 facet normal 1.7694887e-05 -1 -2.61708738e-05
  outer loop
  vertex 0.00523625221 -0.123871155 -0.703823686
  vertex 0.00688209943 -0.123871036 -0.70712024
  vertex 0.0079085445 -0.123871073 -0.705253184
  endloop
 endfacet

 facet normal 1.60934906e-05 -1 -2.59172284e-05
  outer loop
  vertex 0.00523625221 -0.123871155 -0.703823686
  vertex 0.0079085445 -0.123871073 -0.705253184
  vertex 0.00843841583 -0.12387111 -0.703189433
  endloop
 endfacet

 facet normal 2.18322803e-05 -1 -2.51583915e-05
  outer loop
  vertex -0.00444413768 -0.123871297 -0.705356956
  vertex -0.00619077962 -0.123871267 -0.707942784
  vertex -0.00322736776 -0.123871237 -0.706573725
  endloop
 endfacet

 facet normal 2.18322803e-05 -1 -2.51583915e-05
  outer loop
  vertex -0.00322736776 -0.123871237 -0.706573725
  vertex -0.00619077962 -0.123871267 -0.707942784
  vertex -0.00454907306 -0.1238712 -0.709300935
  endloop
 endfacet

 facet normal 1.92342304e-05 -1 -2.38992761e-05
  outer loop
  vertex -0.00322736776 -0.123871237 -0.706573725
  vertex -0.00454907306 -0.1238712 -0.709300935
  vertex -0.00169413455 -0.1238712 -0.707354903
  endloop
 endfacet

 facet normal 2.04111675e-05 -1 -2.81784196e-05
  outer loop
  vertex -0.00169413455 -0.1238712 -0.707354903
  vertex -0.00454907306 -0.1238712 -0.709300935
  vertex -0.00262118923 -0.123871133 -0.710208118
  endloop
 endfacet

 facet normal 2.04111675e-05 -1 -2.8178416e-05
  outer loop
  vertex -0.00169413455 -0.1238712 -0.707354903
  vertex -0.00262118923 -0.123871133 -0.710208118
  vertex 5.45424928e-06 -0.123871155 -0.707624137
  endloop
 endfacet

 facet normal 1.88267841e-05 -1 -2.62578251e-05
  outer loop
  vertex 5.45424928e-06 -0.123871155 -0.707624137
  vertex -0.00262118923 -0.123871133 -0.710208118
  vertex -0.000528265664 -0.123871095 -0.71060735
  endloop
 endfacet

 facet normal 1.95373414e-05 -1 -2.47478129e-05
  outer loop
  vertex 5.45424928e-06 -0.123871155 -0.707624137
  vertex -0.000528265664 -0.123871095 -0.71060735
  vertex 0.00159819797 -0.123871051 -0.710473537
  endloop
 endfacet

 facet normal 1.50615188e-05 -1 -3.14274439e-05
  outer loop
  vertex -0.00444415165 -0.123871475 -0.698891282
  vertex -0.00744317193 -0.123871543 -0.69802922
  vertex -0.00522536039 -0.123871438 -0.700424492
  endloop
 endfacet

 facet normal 1.7318438e-05 -1 -2.9337758e-05
  outer loop
  vertex -0.00522536039 -0.123871438 -0.700424492
  vertex -0.00744317193 -0.123871543 -0.69802922
  vertex -0.00822751317 -0.123871513 -0.70001024
  endloop
 endfacet

 facet normal 1.95753601e-05 -1 -2.72480738e-05
  outer loop
  vertex -0.00522536039 -0.123871438 -0.700424492
  vertex -0.00822751317 -0.123871513 -0.70001024
  vertex -0.00549455872 -0.123871401 -0.702124119
  endloop
 endfacet

 facet normal 2.18322803e-05 -1 -2.51583915e-05
  outer loop
  vertex -0.00549455872 -0.123871401 -0.702124119
  vertex -0.00822751317 -0.123871513 -0.70001024
  vertex -0.00849455222 -0.123871468 -0.702124119
  endloop
 endfacet

 facet normal 2.18322803e-05 -1 -2.51583915e-05
  outer loop
  vertex -0.00549455872 -0.123871401 -0.702124119
  vertex -0.00849455222 -0.123871468 -0.702124119
  vertex -0.00522536226 -0.123871349 -0.703823686
  endloop
 endfacet

 facet normal 2.18322803e-05 -1 -2.51583915e-05
  outer loop
  vertex -0.00522536226 -0.123871349 -0.703823686
  vertex -0.00849455222 -0.123871468 -0.702124119
  vertex -0.00822750106 -0.123871408 -0.704237998
  endloop
 endfacet

 facet normal 2.18322803e-05 -1 -2.51583915e-05
  outer loop
  vertex -0.00522536226 -0.123871349 -0.703823686
  vertex -0.00822750106 -0.123871408 -0.704237998
  vertex -0.00444413768 -0.123871297 -0.705356956
  endloop
 endfacet

 facet normal 2.18322803e-05 -1 -2.51583915e-05
  outer loop
  vertex -0.00444413768 -0.123871297 -0.705356956
  vertex -0.00822750106 -0.123871408 -0.704237998
  vertex -0.00744315237 -0.123871341 -0.706219018
  endloop
 endfacet

 facet normal 2.18322803e-05 -1 -2.51583915e-05
  outer loop
  vertex -0.00444413768 -0.123871297 -0.705356956
  vertex -0.00744315237 -0.123871341 -0.706219018
  vertex -0.00619077962 -0.123871267 -0.707942784
  endloop
 endfacet

 facet normal 1.79896961e-05 -1 -2.82697183e-05
  outer loop
  vertex 0.00688208779 -0.123871297 -0.697127938
  vertex 0.00542354025 -0.123871371 -0.69557476
  vertex 0.00323826866 -0.123871349 -0.697674513
  endloop
 endfacet

 facet normal 1.68852057e-05 -1 -2.71598474e-05
  outer loop
  vertex 0.00323826866 -0.123871349 -0.697674513
  vertex 0.00542354025 -0.123871371 -0.69557476
  vertex 0.00362455403 -0.123871423 -0.694433093
  endloop
 endfacet

 facet normal 1.80800398e-05 -1 -2.60378183e-05
  outer loop
  vertex 0.00323826866 -0.123871349 -0.697674513
  vertex 0.00362455403 -0.123871423 -0.694433093
  vertex 0.00170503568 -0.123871401 -0.696893275
  endloop
 endfacet

 facet normal 1.92653806e-05 -1 -2.48524921e-05
  outer loop
  vertex 0.00170503568 -0.123871401 -0.696893275
  vertex 0.00362455403 -0.123871423 -0.694433093
  vertex 0.0015981741 -0.123871483 -0.693774641
  endloop
 endfacet

 facet normal 2.18322803e-05 -1 -2.51583915e-05
  outer loop
  vertex 0.00170503568 -0.123871401 -0.696893275
  vertex 0.0015981741 -0.123871483 -0.693774641
  vertex 5.43767828e-06 -0.123871446 -0.6966241
  endloop
 endfacet

 facet normal 2.18322803e-05 -1 -2.51583915e-05
  outer loop
  vertex 5.43767828e-06 -0.123871446 -0.6966241
  vertex 0.0015981741 -0.123871483 -0.693774641
  vertex -0.000528284523 -0.123871535 -0.693640888
  endloop
 endfacet

 facet normal 1.89903258e-05 -1 -2.56668409e-05
  outer loop
  vertex 5.43767828e-06 -0.123871446 -0.6966241
  vertex -0.000528284523 -0.123871535 -0.693640888
  vertex -0.00169416028 -0.123871461 -0.696893275
  endloop
 endfacet

 facet normal 1.67555881e-05 -1 -2.63929542e-05
  outer loop
  vertex -0.00169416028 -0.123871461 -0.696893275
  vertex -0.000528284523 -0.123871535 -0.693640888
  vertex -0.0026212146 -0.123871557 -0.69404012
  endloop
 endfacet

 facet normal 1.67555881e-05 -1 -2.63929542e-05
  outer loop
  vertex -0.00169416028 -0.123871461 -0.696893275
  vertex -0.0026212146 -0.123871557 -0.69404012
  vertex -0.00322737545 -0.123871475 -0.697674513
  endloop
 endfacet

 facet normal 1.95975426e-05 -1 -2.58845066e-05
  outer loop
  vertex -0.00322737545 -0.123871475 -0.697674513
  vertex -0.0026212146 -0.123871557 -0.69404012
  vertex -0.00454908982 -0.123871572 -0.694947362
  endloop
 endfacet

 facet normal 1.95753601e-05 -1 -2.72480738e-05
  outer loop
  vertex -0.00322737545 -0.123871475 -0.697674513
  vertex -0.00454908982 -0.123871572 -0.694947362
  vertex -0.00444415165 -0.123871475 -0.698891282
  endloop
 endfacet

 facet normal 1.95753601e-05 -1 -2.72480738e-05
  outer loop
  vertex -0.00444415165 -0.123871475 -0.698891282
  vertex -0.00454908982 -0.123871572 -0.694947362
  vertex -0.00619079592 -0.12387158 -0.696305454
  endloop
 endfacet

 facet normal 1.7318438e-05 -1 -2.9337758e-05
  outer loop
  vertex -0.00444415165 -0.123871475 -0.698891282
  vertex -0.00619079592 -0.12387158 -0.696305454
  vertex -0.00744317193 -0.123871543 -0.69802922
  endloop
 endfacet

 facet normal 0.210753679 -2.49473997e-05 0.977539241
  outer loop
  vertex -0.0123109156 -0.111571275 -0.711859345
  vertex -0.0131349787 -0.111571297 -0.711681724
  vertex -0.0131349405 -0.113871306 -0.711681783
  endloop
 endfacet

 facet normal 0.209498987 0.0004453765 0.977808833
  outer loop
  vertex -0.0131349405 -0.113871306 -0.711681783
  vertex -0.0123155164 -0.113871284 -0.711857319
  vertex -0.0123109156 -0.111571275 -0.711859345
  endloop
 endfacet

 facet normal 0.593782961 -0.000476460409 0.804625154
  outer loop
  vertex -0.0123109156 -0.111571275 -0.711859345
  vertex -0.0123155164 -0.113871284 -0.711857319
  vertex -0.0116332034 -0.113871254 -0.712360859
  endloop
 endfacet

 facet normal 0.594812512 -7.23782432e-06 0.803864479
  outer loop
  vertex -0.0123109156 -0.111571275 -0.711859345
  vertex -0.0116332034 -0.113871254 -0.712360859
  vertex -0.0116332537 -0.11157126 -0.712360799
  endloop
 endfacet

 facet normal 0.594816387 -5.47660375e-06 0.803861618
  outer loop
  vertex -0.0116330106 -0.12417125 -0.712361097
  vertex -0.0116330516 -0.121871255 -0.712361097
  vertex -0.0123107238 -0.121871285 -0.711859643
  endloop
 endfacet

 facet normal 0.594815135 -6.06367712e-06 0.803862572
  outer loop
  vertex -0.0116330106 -0.12417125 -0.712361097
  vertex -0.0123107238 -0.121871285 -0.711859643
  vertex -0.0123106735 -0.124171279 -0.711859703
  endloop
 endfacet

 facet normal 0.210753679 -1.99920814e-05 0.977539241
  outer loop
  vertex -0.0123106735 -0.124171279 -0.711859703
  vertex -0.0123107238 -0.121871285 -0.711859643
  vertex -0.0131347869 -0.121871307 -0.711681962
  endloop
 endfacet

 facet normal 0.210740432 -2.49477325e-05 0.977542043
  outer loop
  vertex -0.0123106735 -0.124171279 -0.711859703
  vertex -0.0131347869 -0.121871307 -0.711681962
  vertex -0.0131347477 -0.124171302 -0.711682022
  endloop
 endfacet

 facet normal -0.965931118 -2.75994516e-05 0.258799225
  outer loop
  vertex -0.0174945816 -0.12187136 -0.712681949
  vertex -0.0174945313 -0.124171354 -0.712682009
  vertex -0.017360568 -0.124171369 -0.712182045
  endloop
 endfacet

 facet normal -0.980683327 -0.0147450818 0.19504559
  outer loop
  vertex -0.0174945816 -0.12187136 -0.712681949
  vertex -0.017360568 -0.124171369 -0.712182045
  vertex -0.0174184702 -0.121871367 -0.712299287
  endloop
 endfacet

 facet normal -0.793307006 0.0110611701 0.608721495
  outer loop
  vertex -0.0174184702 -0.121871367 -0.712299287
  vertex -0.017360568 -0.124171369 -0.712182045
  vertex -0.017201649 -0.124171369 -0.711974919
  endloop
 endfacet

 facet normal -0.831469417 -3.21301341e-05 0.555570602
  outer loop
  vertex -0.0174184702 -0.121871367 -0.712299287
  vertex -0.017201649 -0.124171369 -0.711974919
  vertex -0.0172016993 -0.121871375 -0.711974859
  endloop
 endfacet

 facet normal -0.60874629 -3.3250104e-05 0.793364942
  outer loop
  vertex -0.0172016993 -0.121871375 -0.711974859
  vertex -0.017201649 -0.124171369 -0.711974919
  vertex -0.0169945359 -0.124171369 -0.711816013
  endloop
 endfacet

 facet normal -0.555538535 0.00739028025 0.831458032
  outer loop
  vertex -0.0172016993 -0.121871375 -0.711974859
  vertex -0.0169945359 -0.124171369 -0.711816013
  vertex -0.0168772638 -0.121871375 -0.711758077
  endloop
 endfacet

 facet normal -0.258811533 -0.0111234197 0.965863824
  outer loop
  vertex -0.0168772638 -0.121871375 -0.711758077
  vertex -0.0169945359 -0.124171369 -0.711816013
  vertex -0.0164945349 -0.124171361 -0.711682022
  endloop
 endfacet

 facet normal -0.195105091 -2.89344971e-05 0.98078239
  outer loop
  vertex -0.0168772638 -0.121871375 -0.711758077
  vertex -0.0164945349 -0.124171361 -0.711682022
  vertex -0.0164945852 -0.121871367 -0.711681962
  endloop
 endfacet

 facet normal -0.980784297 -2.63210441e-05 0.195095345
  outer loop
  vertex -0.0174947828 -0.111571349 -0.712681711
  vertex -0.0174947325 -0.113871358 -0.71268177
  vertex -0.0174186621 -0.111571357 -0.712298989
  endloop
 endfacet

 facet normal -0.965865672 -0.0111215301 0.258805156
  outer loop
  vertex -0.0174186621 -0.111571357 -0.712298989
  vertex -0.0174947325 -0.113871358 -0.71268177
  vertex -0.0173607599 -0.113871373 -0.712181747
  endloop
 endfacet

 facet normal -0.896872222 -3.07080627e-05 0.44228977
  outer loop
  vertex -0.0174186621 -0.111571357 -0.712298989
  vertex -0.0173607599 -0.113871373 -0.712181747
  vertex -0.0173608102 -0.111571379 -0.712181687
  endloop
 endfacet

 facet normal -0.793355465 -3.26361478e-05 0.608758628
  outer loop
  vertex -0.0173608102 -0.111571379 -0.712181687
  vertex -0.0173607599 -0.113871373 -0.712181747
  vertex -0.0172018912 -0.111571379 -0.711974621
  endloop
 endfacet

 facet normal -0.707043409 -0.0148446988 0.707014322
  outer loop
  vertex -0.0172018912 -0.111571379 -0.711974621
  vertex -0.0173607599 -0.113871373 -0.712181747
  vertex -0.0169947371 -0.113871373 -0.711815715
  endloop
 endfacet

 facet normal -0.60874629 -2.67713749e-05 0.793364942
  outer loop
  vertex -0.0172018912 -0.111571379 -0.711974621
  vertex -0.0169947371 -0.113871373 -0.711815715
  vertex -0.0169947781 -0.111571379 -0.711815655
  endloop
 endfacet

 facet normal -0.442372322 -2.58714972e-05 0.896831512
  outer loop
  vertex -0.0169947781 -0.111571379 -0.711815655
  vertex -0.0169947371 -0.113871373 -0.711815715
  vertex -0.0168774668 -0.111571379 -0.711757839
  endloop
 endfacet

 facet normal -0.258775145 -0.0111255189 0.96587348
  outer loop
  vertex -0.0168774668 -0.111571379 -0.711757839
  vertex -0.0169947371 -0.113871373 -0.711815715
  vertex -0.0164947398 -0.113871366 -0.711681783
  endloop
 endfacet

 facet normal -0.195071548 -3.18226157e-05 0.980789065
  outer loop
  vertex -0.0168774668 -0.111571379 -0.711757839
  vertex -0.0164947398 -0.113871366 -0.711681783
  vertex -0.0164947771 -0.111571372 -0.711681724
  endloop
 endfacet

 facet normal -1 -2.18322639e-05 -6.27375698e-07
  outer loop
  vertex -0.0049945307 -0.124370798 -0.724682033
  vertex -0.00499457354 -0.122370757 -0.726681948
  vertex -0.00499452977 -0.124370746 -0.726682007
  endloop
 endfacet

 facet normal -3.51281358e-07 -2.91228116e-05 1
  outer loop
  vertex -0.0131349787 -0.111571297 -0.711681724
  vertex -0.0164947771 -0.111571372 -0.711681724
  vertex -0.0131349405 -0.113871306 -0.711681783
  endloop
 endfacet

 facet normal -3.51287184e-07 -2.91228207e-05 1
  outer loop
  vertex -0.0131349405 -0.113871306 -0.711681783
  vertex -0.0164947771 -0.111571372 -0.711681724
  vertex -0.0164947398 -0.113871366 -0.711681783
  endloop
 endfacet

 facet normal -1.30359858e-05 0.707109809 -0.707103729
  outer loop
  vertex -0.017294772 -0.11137104 -0.724681675
  vertex -0.00499477005 -0.111370802 -0.724681675
  vertex -0.0174947791 -0.111571044 -0.724881709
  endloop
 endfacet

 facet normal -1.34965694e-05 0.707124174 -0.707089365
  outer loop
  vertex -0.0174947791 -0.111571044 -0.724881709
  vertex -0.00499477005 -0.111370802 -0.724681675
  vertex -0.00499473698 -0.113370754 -0.726681709
  endloop
 endfacet

 facet normal -1.34789689e-05 0.707124293 -0.707089365
  outer loop
  vertex -0.0174947791 -0.111571044 -0.724881709
  vertex -0.00499473698 -0.113370754 -0.726681709
  vertex -0.0174947325 -0.113371 -0.726681769
  endloop
 endfacet

 facet normal 1.38884698e-05 -0.707089663 -0.707123935
  outer loop
  vertex -0.0049945307 -0.124370798 -0.724682033
  vertex -0.0172945205 -0.124371037 -0.724682033
  vertex -0.00499457354 -0.122370757 -0.726681948
  endloop
 endfacet

 facet normal 1.01313844e-05 -0.707078099 -0.707135499
  outer loop
  vertex -0.00499457354 -0.122370757 -0.726681948
  vertex -0.0172945205 -0.124371037 -0.724682033
  vertex -0.0174945369 -0.124171034 -0.724882007
  endloop
 endfacet

 facet normal 1.34408547e-05 -0.707089126 -0.707124472
  outer loop
  vertex -0.00499457354 -0.122370757 -0.726681948
  vertex -0.0174945369 -0.124171034 -0.724882007
  vertex -0.0174945686 -0.122370988 -0.726681948
  endloop
 endfacet

 facet normal 1.26421651e-06 -0.0747556314 0.99720192
  outer loop
  vertex -0.0244946536 -0.117871463 -0.713681877
  vertex -0.0244946349 -0.118765712 -0.713748932
  vertex -0.0184946358 -0.1187656 -0.713748932
  endloop
 endfacet

 facet normal 5.52901611e-06 -0.294779778 0.955565214
  outer loop
  vertex -0.0184946358 -0.1187656 -0.713748932
  vertex -0.0244946349 -0.118765712 -0.713748932
  vertex -0.0244946107 -0.120474756 -0.714276135
  endloop
 endfacet

 facet normal 5.52901611e-06 -0.294779778 0.955565214
  outer loop
  vertex -0.0184946358 -0.1187656 -0.713748932
  vertex -0.0244946107 -0.120474756 -0.714276135
  vertex -0.0184946116 -0.120474644 -0.714276135
  endloop
 endfacet

 facet normal 1.07489595e-05 -0.563340306 0.826224983
  outer loop
  vertex -0.0184946116 -0.120474644 -0.714276135
  vertex -0.0244946107 -0.120474756 -0.714276135
  vertex -0.0244945846 -0.121952467 -0.715283692
  endloop
 endfacet

 facet normal 1.07489595e-05 -0.563340306 0.826224983
  outer loop
  vertex -0.0184946116 -0.120474644 -0.714276135
  vertex -0.0244945846 -0.121952467 -0.715283692
  vertex -0.0184945855 -0.121952347 -0.715283692
  endloop
 endfacet

 facet normal 1.50138576e-05 -0.781847954 0.623469114
  outer loop
  vertex -0.0184945855 -0.121952347 -0.715283692
  vertex -0.0244945846 -0.121952467 -0.715283692
  vertex -0.0244945567 -0.123067543 -0.716682017
  endloop
 endfacet

 facet normal 1.50138576e-05 -0.781847954 0.623469114
  outer loop
  vertex -0.0184945855 -0.121952347 -0.715283692
  vertex -0.0244945567 -0.123067543 -0.716682017
  vertex -0.0184945576 -0.123067431 -0.716682017
  endloop
 endfacet

 facet normal 1.79447343e-05 -0.930886388 0.365308821
  outer loop
  vertex -0.0184945576 -0.123067431 -0.716682017
  vertex -0.0244945567 -0.123067543 -0.716682017
  vertex -0.0244945437 -0.123720907 -0.718346894
  endloop
 endfacet

 facet normal 1.49151674e-05 -0.930882633 0.365318269
  outer loop
  vertex -0.0184945576 -0.123067431 -0.716682017
  vertex -0.0244945437 -0.123720907 -0.718346894
  vertex -0.018494552 -0.123720802 -0.718346894
  endloop
 endfacet

 facet normal 1.66576338e-05 -0.997205377 0.0747096688
  outer loop
  vertex -0.018494552 -0.123720802 -0.718346894
  vertex -0.0244945437 -0.123720907 -0.718346894
  vertex -0.0244945418 -0.123854525 -0.720130384
  endloop
 endfacet

 facet normal 1.75321002e-05 -0.997205496 0.0747067407
  outer loop
  vertex -0.018494552 -0.123720802 -0.718346894
  vertex -0.0244945418 -0.123854525 -0.720130384
  vertex -0.0184945408 -0.123854406 -0.720130384
  endloop
 endfacet

 facet normal 1.89041875e-05 -0.974922121 -0.222546309
  outer loop
  vertex -0.0184945408 -0.123854406 -0.720130384
  vertex -0.0244945418 -0.123854525 -0.720130384
  vertex -0.0244945548 -0.1234565 -0.721874058
  endloop
 endfacet

 facet normal 1.89041875e-05 -0.974922121 -0.222546309
  outer loop
  vertex -0.0184945408 -0.123854406 -0.720130384
  vertex -0.0244945548 -0.1234565 -0.721874058
  vertex -0.0184945539 -0.123456381 -0.721874058
  endloop
 endfacet

 facet normal 1.68475835e-05 -0.866010427 -0.500025809
  outer loop
  vertex -0.0184945539 -0.123456381 -0.721874058
  vertex -0.0244945548 -0.1234565 -0.721874058
  vertex -0.0244945586 -0.1225622 -0.723422945
  endloop
 endfacet

 facet normal 1.68475835e-05 -0.866010427 -0.500025809
  outer loop
  vertex -0.0184945539 -0.123456381 -0.721874058
  vertex -0.0244945586 -0.1225622 -0.723422945
  vertex -0.0184945595 -0.122562081 -0.723422945
  endloop
 endfacet

 facet normal 1.32940941e-05 -0.680154979 -0.733068407
  outer loop
  vertex -0.0184945595 -0.122562081 -0.723422945
  vertex -0.0244945586 -0.1225622 -0.723422945
  vertex -0.0244945902 -0.121251099 -0.724639416
  endloop
 endfacet

 facet normal 1.32940941e-05 -0.680154979 -0.733068407
  outer loop
  vertex -0.0184945595 -0.122562081 -0.723422945
  vertex -0.0244945902 -0.121251099 -0.724639416
  vertex -0.0184945911 -0.121250987 -0.724639416
  endloop
 endfacet

 facet normal 8.559251e-06 -0.433858603 -0.900980949
  outer loop
  vertex -0.0184945911 -0.121250987 -0.724639416
  vertex -0.0244945902 -0.121251099 -0.724639416
  vertex -0.02449462 -0.119639687 -0.725415349
  endloop
 endfacet

 facet normal 8.559251e-06 -0.433858603 -0.900980949
  outer loop
  vertex -0.0184945911 -0.121250987 -0.724639416
  vertex -0.02449462 -0.119639687 -0.725415349
  vertex -0.0184946209 -0.119639568 -0.725415349
  endloop
 endfacet

 facet normal 3.06399238e-06 -0.1490179 -0.9888345
  outer loop
  vertex -0.0184946209 -0.119639568 -0.725415349
  vertex -0.02449462 -0.119639687 -0.725415349
  vertex -0.0244946517 -0.11787115 -0.725681841
  endloop
 endfacet

 facet normal 3.06399238e-06 -0.1490179 -0.9888345
  outer loop
  vertex -0.0184946209 -0.119639568 -0.725415349
  vertex -0.0244946517 -0.11787115 -0.725681841
  vertex -0.0184946526 -0.117871031 -0.725681841
  endloop
 endfacet

 facet normal -2.7035635e-06 0.14906621 -0.988827229
  outer loop
  vertex -0.0184946526 -0.117871031 -0.725681841
  vertex -0.0244946517 -0.11787115 -0.725681841
  vertex -0.0244946759 -0.116102628 -0.725415289
  endloop
 endfacet

 facet normal -2.05615515e-06 0.149068356 -0.988826931
  outer loop
  vertex -0.0184946526 -0.117871031 -0.725681841
  vertex -0.0244946759 -0.116102628 -0.725415289
  vertex -0.0184946861 -0.116102509 -0.72541523
  endloop
 endfacet

 facet normal -6.46117041e-06 0.433907211 -0.900957584
  outer loop
  vertex -0.0184946861 -0.116102509 -0.72541523
  vertex -0.0244946759 -0.116102628 -0.725415289
  vertex -0.0244947169 -0.114491262 -0.724639237
  endloop
 endfacet

 facet normal -7.05105776e-06 0.433905423 -0.900958478
  outer loop
  vertex -0.0184946861 -0.116102509 -0.72541523
  vertex -0.0244947169 -0.114491262 -0.724639237
  vertex -0.0184947178 -0.11449115 -0.724639237
  endloop
 endfacet

 facet normal -1.30269063e-05 0.680191219 -0.73303479
  outer loop
  vertex -0.0184947178 -0.11449115 -0.724639237
  vertex -0.0244947169 -0.114491262 -0.724639237
  vertex -0.0244947523 -0.11318022 -0.723422706
  endloop
 endfacet

 facet normal -1.24638536e-05 0.68019259 -0.733033538
  outer loop
  vertex -0.0184947178 -0.11449115 -0.724639237
  vertex -0.0244947523 -0.11318022 -0.723422706
  vertex -0.0184947532 -0.113180116 -0.723422706
  endloop
 endfacet

 facet normal -1.45146114e-05 0.866038918 -0.499976695
  outer loop
  vertex -0.0184947532 -0.113180116 -0.723422706
  vertex -0.0244947523 -0.11318022 -0.723422706
  vertex -0.0244947653 -0.112286009 -0.72187376
  endloop
 endfacet

 facet normal -1.52315215e-05 0.866037726 -0.499978751
  outer loop
  vertex -0.0184947532 -0.113180116 -0.723422706
  vertex -0.0244947653 -0.112286009 -0.72187376
  vertex -0.0184947662 -0.11228589 -0.72187376
  endloop
 endfacet

 facet normal -1.88230842e-05 0.974933326 -0.22249727
  outer loop
  vertex -0.0184947662 -0.11228589 -0.72187376
  vertex -0.0244947653 -0.112286009 -0.72187376
  vertex -0.0244947691 -0.111888073 -0.720130086
  endloop
 endfacet

 facet normal -1.8677385e-05 0.974933386 -0.222496778
  outer loop
  vertex -0.0184947662 -0.11228589 -0.72187376
  vertex -0.0244947691 -0.111888073 -0.720130086
  vertex -0.0184947792 -0.111887954 -0.720130086
  endloop
 endfacet

 facet normal -1.94550594e-05 0.997201622 0.0747593567
  outer loop
  vertex -0.0184947792 -0.111887954 -0.720130086
  vertex -0.0244947691 -0.111888073 -0.720130086
  vertex -0.0244947746 -0.112021782 -0.718346596
  endloop
 endfacet

 facet normal -1.94061286e-05 0.997201622 0.074759528
  outer loop
  vertex -0.0184947792 -0.111887954 -0.720130086
  vertex -0.0244947746 -0.112021782 -0.718346596
  vertex -0.0184947755 -0.112021662 -0.718346596
  endloop
 endfacet

 facet normal -1.80778206e-05 0.930864394 0.365365148
  outer loop
  vertex -0.0184947755 -0.112021662 -0.718346596
  vertex -0.0244947746 -0.112021782 -0.718346596
  vertex -0.0244947504 -0.112675235 -0.716681719
  endloop
 endfacet

 facet normal -1.80778206e-05 0.930864394 0.365365148
  outer loop
  vertex -0.0184947755 -0.112021662 -0.718346596
  vertex -0.0244947504 -0.112675235 -0.716681719
  vertex -0.0184947513 -0.112675123 -0.716681719
  endloop
 endfacet

 facet normal -1.52411012e-05 0.781816661 0.623508453
  outer loop
  vertex -0.0184947513 -0.112675123 -0.716681719
  vertex -0.0244947504 -0.112675235 -0.716681719
  vertex -0.0244947299 -0.113790385 -0.715283453
  endloop
 endfacet

 facet normal -1.52411012e-05 0.781816661 0.623508453
  outer loop
  vertex -0.0184947513 -0.112675123 -0.716681719
  vertex -0.0244947299 -0.113790385 -0.715283453
  vertex -0.0184947308 -0.113790266 -0.715283453
  endloop
 endfacet

 facet normal -1.10501205e-05 0.563299775 0.826252639
  outer loop
  vertex -0.0184947308 -0.113790266 -0.715283453
  vertex -0.0244947299 -0.113790385 -0.715283453
  vertex -0.0244947132 -0.115268141 -0.714276016
  endloop
 endfacet

 facet normal -1.10501205e-05 0.563299775 0.826252639
  outer loop
  vertex -0.0184947308 -0.113790266 -0.715283453
  vertex -0.0244947132 -0.115268141 -0.714276016
  vertex -0.0184947141 -0.115268029 -0.714275956
  endloop
 endfacet

 facet normal -5.87720524e-06 0.294726998 0.955581427
  outer loop
  vertex -0.0184947141 -0.115268029 -0.714275956
  vertex -0.0244947132 -0.115268141 -0.714276016
  vertex -0.0244946741 -0.116977215 -0.713748872
  endloop
 endfacet

 facet normal -5.87720524e-06 0.294726998 0.955581427
  outer loop
  vertex -0.0184947141 -0.115268029 -0.714275956
  vertex -0.0244946741 -0.116977215 -0.713748872
  vertex -0.0184946749 -0.116977103 -0.713748872
  endloop
 endfacet

 facet normal -1.62766935e-06 0.0747054592 0.997205675
  outer loop
  vertex -0.0184946749 -0.116977103 -0.713748872
  vertex -0.0244946741 -0.116977215 -0.713748872
  vertex -0.0244946536 -0.117871463 -0.713681877
  endloop
 endfacet

 facet normal 0.011168302 -2.49129916e-05 0.999937654
  outer loop
  vertex -0.0184946749 -0.116977103 -0.713748872
  vertex -0.0244946536 -0.117871463 -0.713681877
  vertex -0.0184946358 -0.1187656 -0.713748932
  endloop
 endfacet

 facet normal -0.0616110377 -0.957678318 0.281169623
  outer loop
  vertex -0.0184945371 -0.123783872 -0.716981828
  vertex -0.0184945352 -0.124305055 -0.718756974
  vertex -0.0174945407 -0.12417122 -0.718082011
  endloop
 endfacet

 facet normal -0.0550409257 -0.998484194 -2.51411675e-05
  outer loop
  vertex -0.0184945352 -0.124305002 -0.720607102
  vertex -0.0172945261 -0.124371178 -0.719682038
  vertex -0.0184945352 -0.124305055 -0.718756974
  endloop
 endfacet

 facet normal 0.000383511244 -0.997419119 0.0717985108
  outer loop
  vertex -0.0184945352 -0.124305055 -0.718756974
  vertex -0.0172945261 -0.124371178 -0.719682038
  vertex -0.0173615385 -0.12430419 -0.718751132
  endloop
 endfacet

 facet normal -0.00026803225 -0.980827749 0.194876611
  outer loop
  vertex -0.0184945352 -0.124305055 -0.718756974
  vertex -0.0173615385 -0.12430419 -0.718751132
  vertex -0.0174945407 -0.12417122 -0.718082011
  endloop
 endfacet

 facet normal -0.0974501893 -0.938737333 -0.330568731
  outer loop
  vertex -0.0174945425 -0.123783715 -0.722382247
  vertex -0.0174945313 -0.124171138 -0.721282005
  vertex -0.0184945352 -0.124305002 -0.720607102
  endloop
 endfacet

 facet normal -0.000267083204 -0.980817676 -0.194927499
  outer loop
  vertex -0.0184945352 -0.124305002 -0.720607102
  vertex -0.0174945313 -0.124171138 -0.721282005
  vertex -0.0173615403 -0.124304146 -0.720612943
  endloop
 endfacet

 facet normal 0.000383868988 -0.997415543 -0.0718479604
  outer loop
  vertex -0.0184945352 -0.124305002 -0.720607102
  vertex -0.0173615403 -0.124304146 -0.720612943
  vertex -0.0172945261 -0.124371178 -0.719682038
  endloop
 endfacet

 facet normal 1.94643326e-05 -0.959486604 -0.281754464
  outer loop
  vertex -0.0184945352 -0.124305002 -0.720607102
  vertex -0.0184945446 -0.123783737 -0.722382247
  vertex -0.0174945425 -0.123783715 -0.722382247
  endloop
 endfacet

 facet normal 1.55194357e-05 -0.841239393 -0.540662885
  outer loop
  vertex -0.0174945425 -0.123783715 -0.722382247
  vertex -0.0184945446 -0.123783737 -0.722382247
  vertex -0.0184945632 -0.122783452 -0.723938584
  endloop
 endfacet

 facet normal 1.71626434e-05 -0.841238916 -0.5406636
  outer loop
  vertex -0.0174945425 -0.123783715 -0.722382247
  vertex -0.0184945632 -0.122783452 -0.723938584
  vertex -0.0174945518 -0.12278343 -0.723938584
  endloop
 endfacet

 facet normal 1.72082782e-05 -0.654838979 -0.755768418
  outer loop
  vertex -0.0174945518 -0.12278343 -0.723938584
  vertex -0.0184945632 -0.122783452 -0.723938584
  vertex -0.0184945818 -0.121385217 -0.725150108
  endloop
 endfacet

 facet normal 1.49112884e-05 -0.654839993 -0.755767584
  outer loop
  vertex -0.0174945518 -0.12278343 -0.723938584
  vertex -0.0184945818 -0.121385217 -0.725150108
  vertex -0.0174945816 -0.121385194 -0.725150108
  endloop
 endfacet

 facet normal 4.27929353e-06 -0.415391564 -0.909642696
  outer loop
  vertex -0.0174945816 -0.121385194 -0.725150108
  vertex -0.0184945818 -0.121385217 -0.725150108
  vertex -0.0184946097 -0.119702294 -0.725918591
  endloop
 endfacet

 facet normal 1.49999087e-05 -0.415386289 -0.909645081
  outer loop
  vertex -0.0174945816 -0.121385194 -0.725150108
  vertex -0.0184946097 -0.119702294 -0.725918591
  vertex -0.017494617 -0.119702272 -0.725918591
  endloop
 endfacet

 facet normal 9.56038184e-06 -0.142287508 -0.989825368
  outer loop
  vertex -0.017494617 -0.119702272 -0.725918591
  vertex -0.0184946097 -0.119702294 -0.725918591
  vertex -0.0184946489 -0.117871024 -0.726181865
  endloop
 endfacet

 facet normal -2.10528697e-06 -0.142293751 -0.989824474
  outer loop
  vertex -0.017494617 -0.119702272 -0.725918591
  vertex -0.0184946489 -0.117871024 -0.726181865
  vertex -0.0174946487 -0.117871001 -0.726181865
  endloop
 endfacet

 facet normal -8.31943726e-06 0.142337307 -0.989818275
  outer loop
  vertex -0.0174946487 -0.117871001 -0.726181865
  vertex -0.0184946489 -0.117871024 -0.726181865
  vertex -0.0184946898 -0.116039768 -0.725918531
  endloop
 endfacet

 facet normal -7.61256615e-06 0.14233768 -0.989818096
  outer loop
  vertex -0.0174946487 -0.117871001 -0.726181865
  vertex -0.0184946898 -0.116039768 -0.725918531
  vertex -0.0174946878 -0.11603976 -0.725918531
  endloop
 endfacet

 facet normal -7.66947687e-06 0.415444463 -0.909618556
  outer loop
  vertex -0.0174946878 -0.11603976 -0.725918531
  vertex -0.0184946898 -0.116039768 -0.725918531
  vertex -0.0184947234 -0.11435689 -0.72514993
  endloop
 endfacet

 facet normal -9.73287661e-06 0.41544348 -0.909619033
  outer loop
  vertex -0.0174946878 -0.11603976 -0.725918531
  vertex -0.0184947234 -0.11435689 -0.72514993
  vertex -0.0174947232 -0.114356868 -0.72514993
  endloop
 endfacet

 facet normal -1.82769054e-05 0.654879928 -0.755733013
  outer loop
  vertex -0.0174947232 -0.114356868 -0.72514993
  vertex -0.0184947234 -0.11435689 -0.72514993
  vertex -0.018494755 -0.112958714 -0.723938346
  endloop
 endfacet

 facet normal -1.82769054e-05 0.654879928 -0.755733013
  outer loop
  vertex -0.0174947232 -0.114356868 -0.72514993
  vertex -0.018494755 -0.112958714 -0.723938346
  vertex -0.0174947549 -0.112958692 -0.723938346
  endloop
 endfacet

 facet normal -2.12134819e-05 0.841264725 -0.540623426
  outer loop
  vertex -0.0174947549 -0.112958692 -0.723938346
  vertex -0.018494755 -0.112958714 -0.723938346
  vertex -0.0184947699 -0.111958519 -0.72238189
  endloop
 endfacet

 facet normal -9.91208162e-06 0.841268063 -0.540618241
  outer loop
  vertex -0.0174947549 -0.112958692 -0.723938346
  vertex -0.0184947699 -0.111958519 -0.72238189
  vertex -0.017494766 -0.111958496 -0.72238189
  endloop
 endfacet

 facet normal -1.53993606e-05 0.943245232 -0.332097411
  outer loop
  vertex -0.017494766 -0.111958496 -0.72238189
  vertex -0.0184947699 -0.111958519 -0.72238189
  vertex -0.0174947735 -0.111571133 -0.721281707
  endloop
 endfacet

 facet normal -0.0616359226 0.957676291 -0.281171024
  outer loop
  vertex -0.0174947735 -0.111571133 -0.721281707
  vertex -0.0184947699 -0.111958519 -0.72238189
  vertex -0.018494783 -0.111437328 -0.720606744
  endloop
 endfacet

 facet normal -0.000297023711 0.980826974 -0.194880635
  outer loop
  vertex -0.0174947735 -0.111571133 -0.721281707
  vertex -0.018494783 -0.111437328 -0.720606744
  vertex -0.0173617881 -0.111438155 -0.720612645
  endloop
 endfacet

 facet normal -0.0974784344 0.938733518 0.330571264
  outer loop
  vertex -0.0174947716 -0.111958645 -0.71698153
  vertex -0.0174947716 -0.111571215 -0.718081713
  vertex -0.0184947811 -0.11143738 -0.718756676
  endloop
 endfacet

 facet normal -0.00029436755 0.980817795 0.194926545
  outer loop
  vertex -0.0184947811 -0.11143738 -0.718756676
  vertex -0.0174947716 -0.111571215 -0.718081713
  vertex -0.0173617862 -0.1114382 -0.718750775
  endloop
 endfacet

 facet normal 0.000727831735 0.999999702 2.51575875e-05
  outer loop
  vertex -0.0184947811 -0.11143738 -0.718756676
  vertex -0.0173617862 -0.1114382 -0.718750775
  vertex -0.018494783 -0.111437328 -0.720606744
  endloop
 endfacet

 facet normal -0.104045473 0.992512405 0.0639818609
  outer loop
  vertex -0.018494783 -0.111437328 -0.720606744
  vertex -0.0173617862 -0.1114382 -0.718750775
  vertex -0.0172947776 -0.111371167 -0.71968168
  endloop
 endfacet

 facet normal 0.00035343031 0.997419119 -0.0717987046
  outer loop
  vertex -0.018494783 -0.111437328 -0.720606744
  vertex -0.0172947776 -0.111371167 -0.71968168
  vertex -0.0173617881 -0.111438155 -0.720612645
  endloop
 endfacet

 facet normal 1.84275832e-05 -0.943243027 0.332103103
  outer loop
  vertex -0.0174945407 -0.12417122 -0.718082011
  vertex -0.0174945462 -0.123783849 -0.716981828
  vertex -0.0184945371 -0.123783872 -0.716981828
  endloop
 endfacet

 facet normal 1.48416875e-05 -0.84126842 0.540617764
  outer loop
  vertex -0.0184945371 -0.123783872 -0.716981828
  vertex -0.0174945462 -0.123783849 -0.716981828
  vertex -0.0174945612 -0.122783661 -0.715425372
  endloop
 endfacet

 facet normal 1.69656432e-05 -0.841269016 0.540616691
  outer loop
  vertex -0.0184945371 -0.123783872 -0.716981828
  vertex -0.0174945612 -0.122783661 -0.715425372
  vertex -0.0184945613 -0.122783683 -0.715425372
  endloop
 endfacet

 facet normal 1.82769054e-05 -0.654879928 0.755733013
  outer loop
  vertex -0.0184945613 -0.122783683 -0.715425372
  vertex -0.0174945612 -0.122783661 -0.715425372
  vertex -0.017494591 -0.121385485 -0.714213789
  endloop
 endfacet

 facet normal 1.82769054e-05 -0.654879928 0.755733013
  outer loop
  vertex -0.0184945613 -0.122783683 -0.715425372
  vertex -0.017494591 -0.121385485 -0.714213789
  vertex -0.018494593 -0.121385507 -0.714213789
  endloop
 endfacet

 facet normal 1.38596761e-05 -0.415441453 0.909619987
  outer loop
  vertex -0.018494593 -0.121385507 -0.714213789
  vertex -0.017494591 -0.121385485 -0.714213789
  vertex -0.0174946263 -0.1197026 -0.713445187
  endloop
 endfacet

 facet normal 3.13885153e-06 -0.415436149 0.909622371
  outer loop
  vertex -0.018494593 -0.121385507 -0.714213789
  vertex -0.0174946263 -0.1197026 -0.713445187
  vertex -0.0184946191 -0.119702622 -0.713445187
  endloop
 endfacet

 facet normal -3.34637389e-06 -0.142337307 0.989818275
  outer loop
  vertex -0.0184946191 -0.119702622 -0.713445187
  vertex -0.0174946263 -0.1197026 -0.713445187
  vertex -0.0174946655 -0.117871344 -0.713181853
  endloop
 endfacet

 facet normal -3.34637389e-06 -0.142337307 0.989818275
  outer loop
  vertex -0.0184946191 -0.119702622 -0.713445187
  vertex -0.0174946655 -0.117871344 -0.713181853
  vertex -0.0184946582 -0.117871366 -0.713181853
  endloop
 endfacet

 facet normal -9.56041185e-06 0.142288908 0.989825189
  outer loop
  vertex -0.0184946582 -0.117871366 -0.713181853
  vertex -0.0174946655 -0.117871344 -0.713181853
  vertex -0.0174946859 -0.116040073 -0.713445127
  endloop
 endfacet

 facet normal -8.6802429e-06 0.142288446 0.989825249
  outer loop
  vertex -0.0184946582 -0.117871366 -0.713181853
  vertex -0.0174946859 -0.116040073 -0.713445127
  vertex -0.0184946992 -0.116040096 -0.713445127
  endloop
 endfacet

 facet normal -1.25734814e-05 0.415393412 0.909641862
  outer loop
  vertex -0.0184946992 -0.116040096 -0.713445127
  vertex -0.0174946859 -0.116040073 -0.713445127
  vertex -0.0174947325 -0.114357159 -0.71421361
  endloop
 endfacet

 facet normal -1.13189217e-05 0.415392816 0.90964216
  outer loop
  vertex -0.0184946992 -0.116040096 -0.713445127
  vertex -0.0174947325 -0.114357159 -0.71421361
  vertex -0.0184947252 -0.114357166 -0.71421361
  endloop
 endfacet

 facet normal -9.46611726e-06 0.654835045 0.755771816
  outer loop
  vertex -0.0184947252 -0.114357166 -0.71421361
  vertex -0.0174947325 -0.114357159 -0.71421361
  vertex -0.0174947511 -0.112958908 -0.715425134
  endloop
 endfacet

 facet normal -2.611538e-05 0.65484184 0.755766034
  outer loop
  vertex -0.0184947252 -0.114357166 -0.71421361
  vertex -0.0174947511 -0.112958908 -0.715425134
  vertex -0.018494755 -0.11295893 -0.715425134
  endloop
 endfacet

 facet normal -2.68209187e-05 0.841243029 0.540657103
  outer loop
  vertex -0.018494755 -0.11295893 -0.715425134
  vertex -0.0174947511 -0.112958908 -0.715425134
  vertex -0.0174947716 -0.111958645 -0.71698153
  endloop
 endfacet

 facet normal -9.35556818e-06 0.841237962 0.54066509
  outer loop
  vertex -0.018494755 -0.11295893 -0.715425134
  vertex -0.0174947716 -0.111958645 -0.71698153
  vertex -0.0184947625 -0.111958653 -0.71698153
  endloop
 endfacet

 facet normal -8.4870635e-06 0.959486008 0.281756192
  outer loop
  vertex -0.0184947625 -0.111958653 -0.71698153
  vertex -0.0174947716 -0.111958645 -0.71698153
  vertex -0.0184947811 -0.11143738 -0.718756676
  endloop
 endfacet

 facet normal -1 -1.73988119e-05 4.28626208e-06
  outer loop
  vertex -0.018494593 -0.121385507 -0.714213789
  vertex -0.0184946191 -0.119702622 -0.713445187
  vertex -0.0184946358 -0.1187656 -0.713748932
  endloop
 endfacet

 facet normal -1 -2.07115354e-05 -5.93479626e-06
  outer loop
  vertex -0.0184946358 -0.1187656 -0.713748932
  vertex -0.0184946191 -0.119702622 -0.713445187
  vertex -0.0184946582 -0.117871366 -0.713181853
  endloop
 endfacet

 facet normal -1 -1.99808401e-05 -1.93867891e-06
  outer loop
  vertex -0.0184946358 -0.1187656 -0.713748932
  vertex -0.0184946582 -0.117871366 -0.713181853
  vertex -0.0184946749 -0.116977103 -0.713748872
  endloop
 endfacet

 facet normal -1 -2.18321475e-05 -5.34571654e-06
  outer loop
  vertex -0.0184946749 -0.116977103 -0.713748872
  vertex -0.0184946582 -0.117871366 -0.713181853
  vertex -0.0184946992 -0.116040096 -0.713445127
  endloop
 endfacet

 facet normal -1 -2.2817665e-05 -4.61012996e-06
  outer loop
  vertex -0.0184946749 -0.116977103 -0.713748872
  vertex -0.0184946992 -0.116040096 -0.713445127
  vertex -0.0184947141 -0.115268029 -0.714275956
  endloop
 endfacet

 facet normal -1 -1.29610835e-05 6.22122116e-06
  outer loop
  vertex -0.0184947141 -0.115268029 -0.714275956
  vertex -0.0184946992 -0.116040096 -0.713445127
  vertex -0.0184947252 -0.114357166 -0.71421361
  endloop
 endfacet

 facet normal -1 -1.27998246e-05 3.86552665e-06
  outer loop
  vertex -0.0184947141 -0.115268029 -0.714275956
  vertex -0.0184947252 -0.114357166 -0.71421361
  vertex -0.0184947308 -0.113790266 -0.715283453
  endloop
 endfacet

 facet normal -1 -3.0668205e-05 -1.04852215e-05
  outer loop
  vertex -0.0184947308 -0.113790266 -0.715283453
  vertex -0.0184947252 -0.114357166 -0.71421361
  vertex -0.018494755 -0.11295893 -0.715425134
  endloop
 endfacet

 facet normal -1 -3.06436668e-05 -1.03412531e-05
  outer loop
  vertex -0.0184947308 -0.113790266 -0.715283453
  vertex -0.018494755 -0.11295893 -0.715425134
  vertex -0.0184947513 -0.112675123 -0.716681719
  endloop
 endfacet

 facet normal -1 -1.9752526e-05 -7.60455032e-06
  outer loop
  vertex -0.0184947513 -0.112675123 -0.716681719
  vertex -0.018494755 -0.11295893 -0.715425134
  vertex -0.0184947625 -0.111958653 -0.71698153
  endloop
 endfacet

 facet normal -1 -1.25812294e-05 9.53462859e-06
  outer loop
  vertex -0.0184947513 -0.112675123 -0.716681719
  vertex -0.0184947625 -0.111958653 -0.71698153
  vertex -0.0184947755 -0.112021662 -0.718346596
  endloop
 endfacet

 facet normal -1 -9.65009076e-06 9.39932579e-06
  outer loop
  vertex -0.0184947755 -0.112021662 -0.718346596
  vertex -0.0184947625 -0.111958653 -0.71698153
  vertex -0.0184947811 -0.11143738 -0.718756676
  endloop
 endfacet

 facet normal -1 -8.52497669e-06 6.69062683e-06
  outer loop
  vertex -0.0184947755 -0.112021662 -0.718346596
  vertex -0.0184947811 -0.11143738 -0.718756676
  vertex -0.0184947792 -0.111887954 -0.720130086
  endloop
 endfacet

 facet normal -1 -7.0476226e-06 3.86637066e-06
  outer loop
  vertex -0.0184947792 -0.111887954 -0.720130086
  vertex -0.0184947811 -0.11143738 -0.718756676
  vertex -0.018494783 -0.111437328 -0.720606744
  endloop
 endfacet

 facet normal -1 -1.04651172e-05 -6.79033064e-07
  outer loop
  vertex -0.0184947792 -0.111887954 -0.720130086
  vertex -0.018494783 -0.111437328 -0.720606744
  vertex -0.0184947662 -0.11228589 -0.72187376
  endloop
 endfacet

 facet normal -1 -1.28857773e-05 -2.1091023e-06
  outer loop
  vertex -0.0184947662 -0.11228589 -0.72187376
  vertex -0.018494783 -0.111437328 -0.720606744
  vertex -0.0184947699 -0.111958519 -0.72238189
  endloop
 endfacet

 facet normal -1 -1.46557968e-05 -2.77750087e-06
  outer loop
  vertex -0.0184947662 -0.11228589 -0.72187376
  vertex -0.0184947699 -0.111958519 -0.72238189
  vertex -0.0184947532 -0.113180116 -0.723422706
  endloop
 endfacet

 facet normal -1 -1.44950045e-05 -1.5508349e-06
  outer loop
  vertex -0.0184947532 -0.113180116 -0.723422706
  vertex -0.0184947699 -0.111958519 -0.72238189
  vertex -0.018494755 -0.112958714 -0.723938346
  endloop
 endfacet

 facet normal -1 -1.63927107e-05 -2.09738528e-06
  outer loop
  vertex -0.0184947532 -0.113180116 -0.723422706
  vertex -0.018494755 -0.112958714 -0.723938346
  vertex -0.0184947178 -0.11449115 -0.724639237
  endloop
 endfacet

 facet normal -1 -2.66293464e-05 5.24833877e-06
  outer loop
  vertex -0.0184947178 -0.11449115 -0.724639237
  vertex -0.018494755 -0.112958714 -0.723938346
  vertex -0.0184947234 -0.11435689 -0.72514993
  endloop
 endfacet

 facet normal -1 -2.52757873e-05 5.60417539e-06
  outer loop
  vertex -0.0184947178 -0.11449115 -0.724639237
  vertex -0.0184947234 -0.11435689 -0.72514993
  vertex -0.0184946861 -0.116102509 -0.72541523
  endloop
 endfacet

 facet normal -1 -2.37268086e-05 4.67434575e-06
  outer loop
  vertex -0.0184946861 -0.116102509 -0.72541523
  vertex -0.0184947234 -0.11435689 -0.72514993
  vertex -0.0184946898 -0.116039768 -0.725918531
  endloop
 endfacet

 facet normal -1 -2.13256135e-05 3.85076737e-06
  outer loop
  vertex -0.0184946861 -0.116102509 -0.72541523
  vertex -0.0184946898 -0.116039768 -0.725918531
  vertex -0.0184946526 -0.117871031 -0.725681841
  endloop
 endfacet

 facet normal -1 -2.0678508e-05 -4.27934395e-07
  outer loop
  vertex -0.0184946526 -0.117871031 -0.725681841
  vertex -0.0184946898 -0.116039768 -0.725918531
  vertex -0.0184946489 -0.117871024 -0.726181865
  endloop
 endfacet

 facet normal -1 -1.96763722e-05 -3.42095609e-06
  outer loop
  vertex -0.0184946526 -0.117871031 -0.725681841
  vertex -0.0184946489 -0.117871024 -0.726181865
  vertex -0.0184946209 -0.119639568 -0.725415349
  endloop
 endfacet

 facet normal -1 -2.50521316e-05 -2.05394026e-05
  outer loop
  vertex -0.0184946209 -0.119639568 -0.725415349
  vertex -0.0184946489 -0.117871024 -0.726181865
  vertex -0.0184946097 -0.119702294 -0.725918591
  endloop
 endfacet

 facet normal -1 -2.6095342e-05 -2.04093922e-05
  outer loop
  vertex -0.0184946209 -0.119639568 -0.725415349
  vertex -0.0184946097 -0.119702294 -0.725918591
  vertex -0.0184945911 -0.121250987 -0.724639416
  endloop
 endfacet

 facet normal -1 -2.23997686e-05 -1.45423983e-05
  outer loop
  vertex -0.0184945911 -0.121250987 -0.724639416
  vertex -0.0184946097 -0.119702294 -0.725918591
  vertex -0.0184945818 -0.121385217 -0.725150108
  endloop
 endfacet

 facet normal -1 -3.22485284e-05 -8.6067912e-06
  outer loop
  vertex -0.0184945911 -0.121250987 -0.724639416
  vertex -0.0184945818 -0.121385217 -0.725150108
  vertex -0.0184945595 -0.122562081 -0.723422945
  endloop
 endfacet

 facet normal -1 -3.83905808e-06 1.07508477e-05
  outer loop
  vertex -0.0184945595 -0.122562081 -0.723422945
  vertex -0.0184945818 -0.121385217 -0.725150108
  vertex -0.0184945632 -0.122783452 -0.723938584
  endloop
 endfacet

 facet normal -1 6.06198364e-06 6.50037782e-06
  outer loop
  vertex -0.0184945595 -0.122562081 -0.723422945
  vertex -0.0184945632 -0.122783452 -0.723938584
  vertex -0.0184945539 -0.123456381 -0.721874058
  endloop
 endfacet

 facet normal -1 -2.56934782e-05 -3.85020303e-06
  outer loop
  vertex -0.0184945539 -0.123456381 -0.721874058
  vertex -0.0184945632 -0.122783452 -0.723938584
  vertex -0.0184945446 -0.123783737 -0.722382247
  endloop
 endfacet

 facet normal -1 -2.77829386e-05 -2.50420021e-06
  outer loop
  vertex -0.0184945539 -0.123456381 -0.721874058
  vertex -0.0184945446 -0.123783737 -0.722382247
  vertex -0.0184945408 -0.123854406 -0.720130384
  endloop
 endfacet

 facet normal -1 -1.49215703e-05 7.22615994e-07
  outer loop
  vertex -0.0184945408 -0.123854406 -0.720130384
  vertex -0.0184945446 -0.123783737 -0.722382247
  vertex -0.0184945352 -0.124305002 -0.720607102
  endloop
 endfacet

 facet normal -1 -1.26655714e-05 -1.40999634e-06
  outer loop
  vertex -0.0184945408 -0.123854406 -0.720130384
  vertex -0.0184945352 -0.124305002 -0.720607102
  vertex -0.018494552 -0.123720802 -0.718346894
  endloop
 endfacet

 facet normal -1 -2.86380491e-05 -3.80487421e-07
  outer loop
  vertex -0.018494552 -0.123720802 -0.718346894
  vertex -0.0184945352 -0.124305002 -0.720607102
  vertex -0.0184945352 -0.124305055 -0.718756974
  endloop
 endfacet

 facet normal -1 -3.73136063e-05 1.19790011e-05
  outer loop
  vertex -0.018494552 -0.123720802 -0.718346894
  vertex -0.0184945352 -0.124305055 -0.718756974
  vertex -0.0184945576 -0.123067431 -0.716682017
  endloop
 endfacet

 facet normal -1 -3.21089865e-05 6.47973093e-06
  outer loop
  vertex -0.0184945576 -0.123067431 -0.716682017
  vertex -0.0184945352 -0.124305055 -0.718756974
  vertex -0.0184945371 -0.123783872 -0.716981828
  endloop
 endfacet

 facet normal -1 -2.86613358e-05 3.7450061e-06
  outer loop
  vertex -0.0184945576 -0.123067431 -0.716682017
  vertex -0.0184945371 -0.123783872 -0.716981828
  vertex -0.0184945855 -0.121952347 -0.715283692
  endloop
 endfacet

 facet normal -1 -2.92516761e-05 4.38170537e-06
  outer loop
  vertex -0.0184945855 -0.121952347 -0.715283692
  vertex -0.0184945371 -0.123783872 -0.716981828
  vertex -0.0184945613 -0.122783683 -0.715425372
  endloop
 endfacet

 facet normal -1 -3.27420676e-05 2.21816354e-05
  outer loop
  vertex -0.0184945855 -0.121952347 -0.715283692
  vertex -0.0184945613 -0.122783683 -0.715425372
  vertex -0.0184946116 -0.120474644 -0.714276135
  endloop
 endfacet

 facet normal -1 -2.27211531e-05 2.28800491e-06
  outer loop
  vertex -0.0184946116 -0.120474644 -0.714276135
  vertex -0.0184945613 -0.122783683 -0.715425372
  vertex -0.018494593 -0.121385507 -0.714213789
  endloop
 endfacet

 facet normal -1 -1.98720209e-05 1.82238364e-05
  outer loop
  vertex -0.0184946116 -0.120474644 -0.714276135
  vertex -0.018494593 -0.121385507 -0.714213789
  vertex -0.0184946358 -0.1187656 -0.713748932
  endloop
 endfacet

 facet normal -1.95397952e-05 1 2.51583806e-05
  outer loop
  vertex 0.00150522625 -0.111370623 -0.72668165
  vertex -0.00499478076 -0.11137075 -0.726681709
  vertex -0.00499477005 -0.111370802 -0.724681675
  endloop
 endfacet

 facet normal -2.1292346e-05 1 2.8213155e-05
  outer loop
  vertex 0.0024622858 -0.111370847 -0.717630327
  vertex -0.00499477005 -0.111370802 -0.724681675
  vertex -0.000161296426 -0.111370899 -0.717822909
  endloop
 endfacet

 facet normal -1.92736952e-05 1 2.67905853e-05
  outer loop
  vertex -0.000161296426 -0.111370899 -0.717822909
  vertex -0.00499477005 -0.111370802 -0.724681675
  vertex -0.00278021558 -0.111370951 -0.717574716
  endloop
 endfacet

 facet normal -1.9881245e-05 1 2.6720867e-05
  outer loop
  vertex 0.0024622858 -0.111370847 -0.717630327
  vertex 0.00630522287 -0.111370757 -0.718339086
  vertex -0.00499477005 -0.111370802 -0.724681675
  endloop
 endfacet

 facet normal -1.84504315e-05 1 2.51934616e-05
  outer loop
  vertex -0.00499477005 -0.111370802 -0.724681675
  vertex 0.00630522287 -0.111370757 -0.718339086
  vertex 0.00630521728 -0.11137075 -0.718681693
  endloop
 endfacet

 facet normal -1.89852581e-05 1 2.51583624e-05
  outer loop
  vertex -0.00499477005 -0.111370802 -0.724681675
  vertex 0.00630521728 -0.11137075 -0.718681693
  vertex 0.00150522625 -0.111370623 -0.72668165
  endloop
 endfacet

 facet normal -1.8799421e-05 1 2.58301297e-05
  outer loop
  vertex 0.00150522625 -0.111370623 -0.72668165
  vertex 0.00630521728 -0.11137075 -0.718681693
  vertex 0.00650522253 -0.111370742 -0.718964517
  endloop
 endfacet

 facet normal -1.78666178e-05 1 2.56586645e-05
  outer loop
  vertex 0.00150522625 -0.111370623 -0.72668165
  vertex 0.00650522253 -0.111370742 -0.718964517
  vertex 0.00373042887 -0.111370601 -0.726430953
  endloop
 endfacet

 facet normal -1.87846799e-05 1 2.99209842e-05
  outer loop
  vertex 0.0112411641 -0.111370653 -0.718964517
  vertex 0.0105149094 -0.111370601 -0.72102052
  vertex 0.00650522253 -0.111370742 -0.718964517
  endloop
 endfacet

 facet normal -1.98334801e-05 1 2.78755724e-05
  outer loop
  vertex 0.00650522253 -0.111370742 -0.718964517
  vertex 0.0105149094 -0.111370601 -0.72102052
  vertex 0.00932353549 -0.111370578 -0.722916603
  endloop
 endfacet

 facet normal -2.08822803e-05 1 2.5830157e-05
  outer loop
  vertex 0.00932353549 -0.111370578 -0.722916603
  vertex 0.0077401204 -0.111370571 -0.7245
  vertex 0.00650522253 -0.111370742 -0.718964517
  endloop
 endfacet

 facet normal -1.85846729e-05 1 2.63427264e-05
  outer loop
  vertex 0.00650522253 -0.111370742 -0.718964517
  vertex 0.0077401204 -0.111370571 -0.7245
  vertex 0.00584406825 -0.111370571 -0.725691378
  endloop
 endfacet

 facet normal -1.63331715e-05 1 2.61712394e-05
  outer loop
  vertex 0.00650522253 -0.111370742 -0.718964517
  vertex 0.00584406825 -0.111370571 -0.725691378
  vertex 0.00373042887 -0.111370601 -0.726430953
  endloop
 endfacet

 facet normal -1.92014886e-05 1 2.72871293e-05
  outer loop
  vertex -0.0172947831 -0.111371361 -0.712681711
  vertex -0.0117834313 -0.111371256 -0.712492883
  vertex -0.0172947776 -0.111371167 -0.71968168
  endloop
 endfacet

 facet normal -1.9313793e-05 1 2.73732276e-05
  outer loop
  vertex -0.0172947776 -0.111371167 -0.71968168
  vertex -0.0117834313 -0.111371256 -0.712492883
  vertex -0.00988663174 -0.111371174 -0.714315653
  endloop
 endfacet

 facet normal -1.88497543e-05 1 2.66636525e-05
  outer loop
  vertex -0.0172947776 -0.111371167 -0.71968168
  vertex -0.00988663174 -0.111371174 -0.714315653
  vertex -0.017294772 -0.11137104 -0.724681675
  endloop
 endfacet

 facet normal -1.92877778e-05 1 2.65987364e-05
  outer loop
  vertex -0.017294772 -0.11137104 -0.724681675
  vertex -0.00988663174 -0.111371174 -0.714315653
  vertex -0.00771211414 -0.111371085 -0.715796113
  endloop
 endfacet

 facet normal -1.92882417e-05 1 2.58030541e-05
  outer loop
  vertex -0.017294772 -0.11137104 -0.724681675
  vertex -0.00771211414 -0.111371085 -0.715796113
  vertex -0.00499477005 -0.111370802 -0.724681675
  endloop
 endfacet

 facet normal -1.8213108e-05 1 2.65419349e-05
  outer loop
  vertex -0.00499477005 -0.111370802 -0.724681675
  vertex -0.00771211414 -0.111371085 -0.715796113
  vertex -0.0053209411 -0.111371018 -0.716892719
  endloop
 endfacet

 facet normal -1.67454782e-05 1 2.60020861e-05
  outer loop
  vertex -0.00499477005 -0.111370802 -0.724681675
  vertex -0.0053209411 -0.111371018 -0.716892719
  vertex -0.00278021558 -0.111370951 -0.717574716
  endloop
 endfacet

 facet normal -2.18322803e-05 1 2.51583915e-05
  outer loop
  vertex 0.00587075343 -0.111370794 -0.717369139
  vertex 0.00619164249 -0.11137078 -0.71780771
  vertex 0.00539863529 -0.111370809 -0.717100084
  endloop
 endfacet

 facet normal -2.05332908e-05 1 2.51934889e-05
  outer loop
  vertex 0.00539863529 -0.111370809 -0.717100084
  vertex 0.00619164249 -0.11137078 -0.71780771
  vertex 0.00630522287 -0.111370757 -0.718339086
  endloop
 endfacet

 facet normal 1.01195546e-05 1 4.85369819e-05
  outer loop
  vertex 0.00539863529 -0.111370809 -0.717100084
  vertex 0.00630522287 -0.111370757 -0.718339086
  vertex 0.00489132432 -0.111370809 -0.717044115
  endloop
 endfacet

 facet normal -1.90680439e-05 1 1.91221825e-05
  outer loop
  vertex 0.00489132432 -0.111370809 -0.717044115
  vertex 0.00630522287 -0.111370757 -0.718339086
  vertex 0.0024622858 -0.111370847 -0.717630327
  endloop
 endfacet

 facet normal -2.18322803e-05 1 2.51583915e-05
  outer loop
  vertex -0.0170604717 -0.111371368 -0.712116003
  vertex -0.0168009251 -0.111371368 -0.711942613
  vertex -0.0172338877 -0.111371368 -0.712375522
  endloop
 endfacet

 facet normal -2.18322803e-05 1 2.51583915e-05
  outer loop
  vertex -0.0172338877 -0.111371368 -0.712375522
  vertex -0.0168009251 -0.111371368 -0.711942613
  vertex -0.0164947882 -0.111371361 -0.711881697
  endloop
 endfacet

 facet normal -2.09553509e-05 1 2.58679702e-05
  outer loop
  vertex -0.0172338877 -0.111371368 -0.712375522
  vertex -0.0164947882 -0.111371361 -0.711881697
  vertex -0.0172947831 -0.111371361 -0.712681711
  endloop
 endfacet

 facet normal -2.00784179e-05 1 2.65775489e-05
  outer loop
  vertex -0.0172947831 -0.111371361 -0.712681711
  vertex -0.0164947882 -0.111371361 -0.711881697
  vertex -0.0117834313 -0.111371256 -0.712492883
  endloop
 endfacet

 facet normal -1.79985946e-05 1 3.24064313e-05
  outer loop
  vertex -0.0117834313 -0.111371256 -0.712492883
  vertex -0.0164947882 -0.111371361 -0.711881697
  vertex -0.0131349899 -0.111371301 -0.711881697
  endloop
 endfacet

 facet normal -2.09553509e-05 1 2.58679702e-05
  outer loop
  vertex -0.0117834313 -0.111371256 -0.712492883
  vertex -0.0131349899 -0.111371301 -0.711881697
  vertex -0.012393319 -0.111371279 -0.712041616
  endloop
 endfacet

 facet normal -1 -2.30056012e-05 1.48508116e-06
  outer loop
  vertex -0.017494766 -0.111958496 -0.72238189
  vertex -0.0174947735 -0.111571133 -0.721281707
  vertex -0.0174947791 -0.111571044 -0.724881709
  endloop
 endfacet

 facet normal -1 -1.87727237e-05 3.24359166e-06
  outer loop
  vertex -0.0174945816 -0.121385194 -0.725150108
  vertex -0.0174945686 -0.122370988 -0.726681948
  vertex -0.0174945518 -0.12278343 -0.723938584
  endloop
 endfacet

 facet normal -1 -1.70052481e-05 3.50931623e-06
  outer loop
  vertex -0.0174945518 -0.12278343 -0.723938584
  vertex -0.0174945686 -0.122370988 -0.726681948
  vertex -0.0174945369 -0.124171034 -0.724882007
  endloop
 endfacet

 facet normal -1 -1.40379179e-05 2.01028433e-06
  outer loop
  vertex -0.0174945518 -0.12278343 -0.723938584
  vertex -0.0174945369 -0.124171034 -0.724882007
  vertex -0.0174945425 -0.123783715 -0.722382247
  endloop
 endfacet

 facet normal -1 -2.75447819e-05 1.48494337e-06
  outer loop
  vertex -0.0174945425 -0.123783715 -0.722382247
  vertex -0.0174945369 -0.124171034 -0.724882007
  vertex -0.0174945313 -0.124171138 -0.721282005
  endloop
 endfacet

 facet normal -1 -1.90216379e-05 3.40377392e-06
  outer loop
  vertex -0.0174945816 -0.121385194 -0.725150108
  vertex -0.017494617 -0.119702272 -0.725918591
  vertex -0.0174945686 -0.122370988 -0.726681948
  endloop
 endfacet

 facet normal -1 -1.86195794e-05 1.28815122e-06
  outer loop
  vertex -0.0174945686 -0.122370988 -0.726681948
  vertex -0.017494617 -0.119702272 -0.725918591
  vertex -0.0174946487 -0.117871001 -0.726181865
  endloop
 endfacet

 facet normal -1 -1.81798096e-05 9.12787073e-07
  outer loop
  vertex -0.0174945686 -0.122370988 -0.726681948
  vertex -0.0174946487 -0.117871001 -0.726181865
  vertex -0.0174947325 -0.113371 -0.726681769
  endloop
 endfacet

 facet normal -1 -1.90751271e-05 -9.08039874e-06
  outer loop
  vertex -0.0174946487 -0.117871001 -0.726181865
  vertex -0.0174946878 -0.11603976 -0.725918531
  vertex -0.0174947325 -0.113371 -0.726681769
  endloop
 endfacet

 facet normal -1 -1.92541265e-05 -1.00573134e-05
  outer loop
  vertex -0.0174947325 -0.113371 -0.726681769
  vertex -0.0174946878 -0.11603976 -0.725918531
  vertex -0.0174947232 -0.114356868 -0.72514993
  endloop
 endfacet

 facet normal -1 -2.03128548e-05 -5.53930022e-06
  outer loop
  vertex -0.0174947325 -0.113371 -0.726681769
  vertex -0.0174947232 -0.114356868 -0.72514993
  vertex -0.0174947791 -0.111571044 -0.724881709
  endloop
 endfacet

 facet normal -1 -2.02781594e-05 -2.42261831e-06
  outer loop
  vertex -0.0174947791 -0.111571044 -0.724881709
  vertex -0.0174947232 -0.114356868 -0.72514993
  vertex -0.0174947549 -0.112958692 -0.723938346
  endloop
 endfacet

 facet normal -1 -2.19121775e-05 8.37493062e-08
  outer loop
  vertex -0.0174947791 -0.111571044 -0.724881709
  vertex -0.0174947549 -0.112958692 -0.723938346
  vertex -0.017494766 -0.111958496 -0.72238189
  endloop
 endfacet

 facet normal -1 -1.68213737e-05 1.73222713e-06
  outer loop
  vertex -0.0174945462 -0.123783849 -0.716981828
  vertex -0.0174945407 -0.12417122 -0.718082011
  vertex -0.0174945313 -0.124171354 -0.712682009
  endloop
 endfacet

 facet normal -1 -2.10791222e-05 -4.95037966e-07
  outer loop
  vertex -0.0174945816 -0.12187136 -0.712681949
  vertex -0.0174945854 -0.121871568 -0.70458591
  vertex -0.0174946655 -0.117871344 -0.713181853
  endloop
 endfacet

 facet normal -1 -2.08390993e-05 -3.83341614e-07
  outer loop
  vertex -0.0174946655 -0.117871344 -0.713181853
  vertex -0.0174945854 -0.121871568 -0.70458591
  vertex -0.0174947493 -0.113871567 -0.704585731
  endloop
 endfacet

 facet normal -1 -1.43281486e-05 -2.96612666e-06
  outer loop
  vertex -0.0174946655 -0.117871344 -0.713181853
  vertex -0.0174947493 -0.113871567 -0.704585731
  vertex -0.0174946859 -0.116040073 -0.713445127
  endloop
 endfacet

 facet normal -1 -2.09151221e-05 -1.35383777e-06
  outer loop
  vertex -0.0174946859 -0.116040073 -0.713445127
  vertex -0.0174947493 -0.113871567 -0.704585731
  vertex -0.0174947325 -0.113871358 -0.71268177
  endloop
 endfacet

 facet normal -1 -2.11433908e-05 -1.00929606e-06
  outer loop
  vertex -0.0174946655 -0.117871344 -0.713181853
  vertex -0.0174946263 -0.1197026 -0.713445187
  vertex -0.0174945816 -0.12187136 -0.712681949
  endloop
 endfacet

 facet normal -1 -2.10127982e-05 -9.69853659e-07
  outer loop
  vertex -0.0174945816 -0.12187136 -0.712681949
  vertex -0.0174946263 -0.1197026 -0.713445187
  vertex -0.017494591 -0.121385485 -0.714213789
  endloop
 endfacet

 facet normal -1 -1.95292814e-05 2.86826094e-07
  outer loop
  vertex -0.0174945816 -0.12187136 -0.712681949
  vertex -0.017494591 -0.121385485 -0.714213789
  vertex -0.0174945313 -0.124171354 -0.712682009
  endloop
 endfacet

 facet normal -1 -1.97296067e-05 2.97468745e-07
  outer loop
  vertex -0.0174945313 -0.124171354 -0.712682009
  vertex -0.017494591 -0.121385485 -0.714213789
  vertex -0.0174945612 -0.122783661 -0.715425372
  endloop
 endfacet

 facet normal -1 -1.84409473e-05 1.00044815e-06
  outer loop
  vertex -0.0174945313 -0.124171354 -0.712682009
  vertex -0.0174945612 -0.122783661 -0.715425372
  vertex -0.0174945462 -0.123783849 -0.716981828
  endloop
 endfacet

 facet normal -1 -7.41437134e-06 -2.13862586e-06
  outer loop
  vertex -0.0174947716 -0.111571215 -0.718081713
  vertex -0.0174947716 -0.111958645 -0.71698153
  vertex -0.0174947828 -0.111571349 -0.712681711
  endloop
 endfacet

 facet normal -1 -2.11108454e-05 -9.04959961e-07
  outer loop
  vertex -0.0174947828 -0.111571349 -0.712681711
  vertex -0.0174947716 -0.111958645 -0.71698153
  vertex -0.0174947511 -0.112958908 -0.715425134
  endloop
 endfacet

 facet normal -1 -2.11382794e-05 -1.25356746e-06
  outer loop
  vertex -0.0174947828 -0.111571349 -0.712681711
  vertex -0.0174947511 -0.112958908 -0.715425134
  vertex -0.0174947325 -0.113871358 -0.71268177
  endloop
 endfacet

 facet normal -1 -1.02983813e-05 3.29609929e-06
  outer loop
  vertex -0.0174947325 -0.113871358 -0.71268177
  vertex -0.0174947511 -0.112958908 -0.715425134
  vertex -0.0174947325 -0.114357159 -0.71421361
  endloop
 endfacet

 facet normal -1 -2.46409963e-05 7.84453186e-06
  outer loop
  vertex -0.0174947325 -0.113871358 -0.71268177
  vertex -0.0174947325 -0.114357159 -0.71421361
  vertex -0.0174946859 -0.116040073 -0.713445127
  endloop
 endfacet

 facet normal 2.3626194e-06 -2.91227952e-05 1
  outer loop
  vertex -0.0131347477 -0.124171302 -0.711682022
  vertex -0.0131347869 -0.121871307 -0.711681962
  vertex -0.0164945349 -0.124171361 -0.711682022
  endloop
 endfacet

 facet normal 1.45795684e-06 -2.78013285e-05 1
  outer loop
  vertex -0.0164945349 -0.124171361 -0.711682022
  vertex -0.0131347869 -0.121871307 -0.711681962
  vertex -0.0164945852 -0.121871367 -0.711681962
  endloop
 endfacet

 facet normal 1.86858779e-05 -1 -3.12946504e-05
  outer loop
  vertex 0.0105151515 -0.124370597 -0.721020818
  vertex 0.0112414146 -0.124370649 -0.718964875
  vertex 0.00650547352 -0.124370739 -0.718964875
  endloop
 endfacet

 facet normal 2.21686114e-05 -1 -2.9740535e-05
  outer loop
  vertex -0.0049945307 -0.124370798 -0.724682033
  vertex 0.00246254611 -0.124370843 -0.717630684
  vertex -0.000161057076 -0.124370895 -0.717823267
  endloop
 endfacet

 facet normal 2.01499643e-05 -1 -2.83179688e-05
  outer loop
  vertex -0.000161057076 -0.124370895 -0.717823267
  vertex -0.00277997623 -0.124370947 -0.717575073
  vertex -0.0049945307 -0.124370798 -0.724682033
  endloop
 endfacet

 facet normal 1.98647358e-05 -1 -2.74355443e-05
  outer loop
  vertex -0.0049945307 -0.124370798 -0.724682033
  vertex -0.00277997623 -0.124370947 -0.717575073
  vertex -0.00532068079 -0.124371015 -0.716893077
  endloop
 endfacet

 facet normal 2.096362e-05 -1 -2.80022541e-05
  outer loop
  vertex -0.0049945307 -0.124370798 -0.724682033
  vertex -0.00532068079 -0.124371015 -0.716893077
  vertex -0.0172945205 -0.124371037 -0.724682033
  endloop
 endfacet

 facet normal 1.88834838e-05 -1 -2.85473398e-05
  outer loop
  vertex 0.00630546873 -0.124370746 -0.718681991
  vertex 0.0015054656 -0.12437062 -0.726682007
  vertex 0.00650547352 -0.124370739 -0.718964875
  endloop
 endfacet

 facet normal 1.75820023e-05 -1 -2.77040999e-05
  outer loop
  vertex 0.00650547352 -0.124370739 -0.718964875
  vertex 0.0015054656 -0.12437062 -0.726682007
  vertex 0.00373068918 -0.124370597 -0.72643131
  endloop
 endfacet

 facet normal 1.87995865e-05 -1 -2.77970303e-05
  outer loop
  vertex 0.00650547352 -0.124370739 -0.718964875
  vertex 0.00373068918 -0.124370597 -0.72643131
  vertex 0.00584430993 -0.124370568 -0.725691676
  endloop
 endfacet

 facet normal 2.0230229e-05 -1 -2.73575388e-05
  outer loop
  vertex -0.00499452977 -0.124370746 -0.726682007
  vertex 0.0015054656 -0.12437062 -0.726682007
  vertex -0.0049945307 -0.124370798 -0.724682033
  endloop
 endfacet

 facet normal 2.00443938e-05 -1 -2.80293007e-05
  outer loop
  vertex -0.0049945307 -0.124370798 -0.724682033
  vertex 0.0015054656 -0.12437062 -0.726682007
  vertex 0.00630546873 -0.124370746 -0.718681991
  endloop
 endfacet

 facet normal 2.11065017e-05 -1 -2.88849169e-05
  outer loop
  vertex -0.0049945307 -0.124370798 -0.724682033
  vertex 0.00630546873 -0.124370746 -0.718681991
  vertex 0.00246254611 -0.124370843 -0.717630684
  endloop
 endfacet

 facet normal 1.9701878e-05 -1 -2.7357517e-05
  outer loop
  vertex 0.00246254611 -0.124370843 -0.717630684
  vertex 0.00630546873 -0.124370746 -0.718681991
  vertex 0.00630547386 -0.124370754 -0.718339443
  endloop
 endfacet

 facet normal 1.90334595e-05 -1 -2.84527541e-05
  outer loop
  vertex 0.00246254611 -0.124370843 -0.717630684
  vertex 0.00630547386 -0.124370754 -0.718339443
  vertex 0.00489158463 -0.124370821 -0.717044413
  endloop
 endfacet

 facet normal 2.03369254e-05 -1 -2.75969214e-05
  outer loop
  vertex -0.00532068079 -0.124371015 -0.716893077
  vertex -0.00771186315 -0.124371096 -0.715796471
  vertex -0.0172945205 -0.124371037 -0.724682033
  endloop
 endfacet

 facet normal 1.85345598e-05 -1 -2.64985101e-05
  outer loop
  vertex -0.0172945205 -0.124371037 -0.724682033
  vertex -0.00771186315 -0.124371096 -0.715796471
  vertex -0.00988638029 -0.124371171 -0.71431601
  endloop
 endfacet

 facet normal 1.90982319e-05 -1 -2.63698712e-05
  outer loop
  vertex -0.0172945205 -0.124371037 -0.724682033
  vertex -0.00988638029 -0.124371171 -0.71431601
  vertex -0.0172945261 -0.124371178 -0.719682038
  endloop
 endfacet

 facet normal 1.95235734e-05 -1 -2.60961879e-05
  outer loop
  vertex -0.0172945261 -0.124371178 -0.719682038
  vertex -0.00988638029 -0.124371171 -0.71431601
  vertex -0.0117831714 -0.124371253 -0.712493241
  endloop
 endfacet

 facet normal 1.87534552e-05 -1 -2.84810721e-05
  outer loop
  vertex 0.00584430993 -0.124370568 -0.725691676
  vertex 0.0077403686 -0.124370568 -0.724500358
  vertex 0.00650547352 -0.124370739 -0.718964875
  endloop
 endfacet

 facet normal 1.84858709e-05 -1 -2.77163781e-05
  outer loop
  vertex 0.00650547352 -0.124370739 -0.718964875
  vertex 0.0077403686 -0.124370568 -0.724500358
  vertex 0.00932379626 -0.124370575 -0.722916901
  endloop
 endfacet

 facet normal 1.97346781e-05 -1 -2.92492314e-05
  outer loop
  vertex 0.00650547352 -0.124370739 -0.718964875
  vertex 0.00932379626 -0.124370575 -0.722916901
  vertex 0.0105151515 -0.124370597 -0.721020818
  endloop
 endfacet

 facet normal 2.05397664e-05 -1 -2.51583697e-05
  outer loop
  vertex 0.00619189348 -0.124370776 -0.717808008
  vertex 0.00587100442 -0.124370791 -0.717369437
  vertex 0.00630547386 -0.124370754 -0.718339443
  endloop
 endfacet

 facet normal 2.05397664e-05 -1 -2.51583697e-05
  outer loop
  vertex 0.00630547386 -0.124370754 -0.718339443
  vertex 0.00587100442 -0.124370791 -0.717369437
  vertex 0.00539887464 -0.124370806 -0.717100382
  endloop
 endfacet

 facet normal 1.89213497e-05 -1 -2.69253724e-05
  outer loop
  vertex 0.00630547386 -0.124370754 -0.718339443
  vertex 0.00539887464 -0.124370806 -0.717100382
  vertex 0.00489158463 -0.124370821 -0.717044413
  endloop
 endfacet

 facet normal 2.18322803e-05 -1 -2.51583915e-05
  outer loop
  vertex -0.0168945342 -0.124371365 -0.711989224
  vertex -0.0171873625 -0.124371365 -0.712282002
  vertex -0.0164945275 -0.124371357 -0.711882055
  endloop
 endfacet

 facet normal 2.18322803e-05 -1 -2.51583915e-05
  outer loop
  vertex -0.0164945275 -0.124371357 -0.711882055
  vertex -0.0171873625 -0.124371365 -0.712282002
  vertex -0.0172945429 -0.124371357 -0.712682009
  endloop
 endfacet

 facet normal 2.03538912e-05 -1 -2.36799679e-05
  outer loop
  vertex -0.0164945275 -0.124371357 -0.711882055
  vertex -0.0172945429 -0.124371357 -0.712682009
  vertex -0.0131347505 -0.124371298 -0.711882055
  endloop
 endfacet

 facet normal 2.04029784e-05 -1 -2.46733798e-05
  outer loop
  vertex -0.0131347505 -0.124371298 -0.711882055
  vertex -0.0172945429 -0.124371357 -0.712682009
  vertex -0.0172945261 -0.124371178 -0.719682038
  endloop
 endfacet

 facet normal 2.02798474e-05 -1 -2.52445152e-05
  outer loop
  vertex -0.0131347505 -0.124371298 -0.711882055
  vertex -0.0172945261 -0.124371178 -0.719682038
  vertex -0.0123930676 -0.124371275 -0.712041914
  endloop
 endfacet

 facet normal 2.13759249e-05 -1 -2.71207791e-05
  outer loop
  vertex -0.0123930676 -0.124371275 -0.712041914
  vertex -0.0172945261 -0.124371178 -0.719682038
  vertex -0.0117831714 -0.124371253 -0.712493241
  endloop
 endfacet

 facet normal 0.978175998 1.0292305e-05 0.207778543
  outer loop
  vertex 0.00650546281 -0.12417075 -0.718339443
  vertex 0.00650542416 -0.121870756 -0.718339384
  vertex 0.00637590839 -0.121870771 -0.717729628
  endloop
 endfacet

 facet normal 0.977914512 -0.000329617964 0.209005043
  outer loop
  vertex 0.00650546281 -0.12417075 -0.718339443
  vertex 0.00637590839 -0.121870771 -0.717729628
  vertex 0.00637441082 -0.124170765 -0.717726231
  endloop
 endfacet

 facet normal 0.809251666 0.000336266094 0.587462068
  outer loop
  vertex 0.00637441082 -0.124170765 -0.717726231
  vertex 0.00637590839 -0.121870771 -0.717729628
  vertex 0.00600972073 -0.121870779 -0.717225194
  endloop
 endfacet

 facet normal 0.807045579 -0.000672907045 0.590488732
  outer loop
  vertex 0.00637441082 -0.124170765 -0.717726231
  vertex 0.00600972073 -0.121870779 -0.717225194
  vertex 0.00600416679 -0.124170788 -0.717220247
  endloop
 endfacet

 facet normal 0.500587285 0.000661772385 0.86568588
  outer loop
  vertex 0.00600416679 -0.124170788 -0.717220247
  vertex 0.00600972073 -0.121870779 -0.717225194
  vertex 0.00547011103 -0.121870801 -0.716913164
  endloop
 endfacet

 facet normal 0.495144904 -0.00101901672 0.868809879
  outer loop
  vertex 0.00600416679 -0.124170788 -0.717220247
  vertex 0.00547011103 -0.121870801 -0.716913164
  vertex 0.0054593971 -0.12417081 -0.716909766
  endloop
 endfacet

 facet normal 0.105476812 0.000982263708 0.994421244
  outer loop
  vertex 0.0054593971 -0.12417081 -0.716909766
  vertex 0.00547011103 -0.121870801 -0.716913164
  vertex 0.00485025346 -0.121870831 -0.71684742
  endloop
 endfacet

 facet normal 0.101721987 -2.28070694e-05 0.994812906
  outer loop
  vertex 0.0054593971 -0.12417081 -0.716909766
  vertex 0.00485025346 -0.121870831 -0.71684742
  vertex 0.00485030375 -0.124170825 -0.716847479
  endloop
 endfacet

 facet normal -0.23237589 -2.95430036e-05 0.97262609
  outer loop
  vertex 0.00485030375 -0.124170825 -0.716847479
  vertex 0.00485025346 -0.121870831 -0.71684742
  vertex 0.00233924901 -0.121870853 -0.71744734
  endloop
 endfacet

 facet normal -0.235292882 -0.00339877862 0.971918583
  outer loop
  vertex 0.00485030375 -0.124170825 -0.716847479
  vertex 0.00233924901 -0.121870853 -0.71744734
  vertex 0.00243122946 -0.124170847 -0.717433095
  endloop
 endfacet

 facet normal -0.0677196234 0.00346219447 0.997698426
  outer loop
  vertex 0.00243122946 -0.124170847 -0.717433095
  vertex 0.00233924901 -0.121870853 -0.71744734
  vertex -0.000236510677 -0.121870905 -0.717622161
  endloop
 endfacet

 facet normal -0.0732056201 -0.00293281977 0.997312546
  outer loop
  vertex 0.00243122946 -0.124170847 -0.717433095
  vertex -0.000236510677 -0.121870905 -0.717622161
  vertex -0.000158941635 -0.124170899 -0.717623234
  endloop
 endfacet

 facet normal 0.0988247842 0.00287006795 0.995100737
  outer loop
  vertex -0.000158941635 -0.124170899 -0.717623234
  vertex -0.000236510677 -0.121870905 -0.717622161
  vertex -0.00280555291 -0.12187095 -0.717367053
  endloop
 endfacet

 facet normal 0.0943406522 -0.00233857962 0.995537341
  outer loop
  vertex -0.000158941635 -0.124170899 -0.717623234
  vertex -0.00280555291 -0.12187095 -0.717367053
  vertex -0.00274449657 -0.124170959 -0.717378199
  endloop
 endfacet

 facet normal 0.262624055 0.00227774982 0.964895487
  outer loop
  vertex -0.00274449657 -0.124170959 -0.717378199
  vertex -0.00280555291 -0.12187095 -0.717367053
  vertex -0.0052966252 -0.121871024 -0.716688991
  endloop
 endfacet

 facet normal 0.259241283 -0.00175031344 0.965811014
  outer loop
  vertex -0.00274449657 -0.124170959 -0.717378199
  vertex -0.0052966252 -0.121871024 -0.716688991
  vertex -0.00525283907 -0.124171019 -0.716704965
  endloop
 endfacet

 facet normal 0.419133157 0.00169434806 0.907923222
  outer loop
  vertex -0.00525283907 -0.124171019 -0.716704965
  vertex -0.0052966252 -0.121871024 -0.716688991
  vertex -0.00764060114 -0.121871091 -0.715606928
  endloop
 endfacet

 facet normal 0.416864038 -0.00116018986 0.908968091
  outer loop
  vertex -0.00525283907 -0.124171019 -0.716704965
  vertex -0.00764060114 -0.121871091 -0.715606928
  vertex -0.00761356531 -0.124171093 -0.715622306
  endloop
 endfacet

 facet normal 0.56401825 0.00112428959 0.825761557
  outer loop
  vertex -0.00761356531 -0.124171093 -0.715622306
  vertex -0.00764060114 -0.121871091 -0.715606928
  vertex -0.00977245625 -0.121871173 -0.714150846
  endloop
 endfacet

 facet normal 0.562779665 -0.000579071813 0.82660675
  outer loop
  vertex -0.00761356531 -0.124171093 -0.715622306
  vertex -0.00977245625 -0.121871173 -0.714150846
  vertex -0.009760377 -0.124171168 -0.714160681
  endloop
 endfacet

 facet normal 0.693255067 0.000559155713 0.720692158
  outer loop
  vertex -0.009760377 -0.124171168 -0.714160681
  vertex -0.00977245625 -0.121871173 -0.714150846
  vertex -0.0116330516 -0.121871255 -0.712361097
  endloop
 endfacet

 facet normal 0.692896843 -2.0647899e-06 0.721036792
  outer loop
  vertex -0.009760377 -0.124171168 -0.714160681
  vertex -0.0116330516 -0.121871255 -0.712361097
  vertex -0.0116330106 -0.12417125 -0.712361097
  endloop
 endfacet

 facet normal 0.693259895 -2.99590056e-06 0.720687747
  outer loop
  vertex -0.0116332537 -0.11157126 -0.712360799
  vertex -0.0116332034 -0.113871254 -0.712360859
  vertex -0.00977261085 -0.113871172 -0.714150608
  endloop
 endfacet

 facet normal 0.692896783 -0.000568235177 0.721036613
  outer loop
  vertex -0.0116332537 -0.11157126 -0.712360799
  vertex -0.00977261085 -0.113871172 -0.714150608
  vertex -0.00976061914 -0.111571178 -0.714160323
  endloop
 endfacet

 facet normal 0.564018607 0.000545866031 0.825761974
  outer loop
  vertex -0.00976061914 -0.111571178 -0.714160323
  vertex -0.00977261085 -0.113871172 -0.714150608
  vertex -0.0076407548 -0.11387109 -0.715606749
  endloop
 endfacet

 facet normal 0.562779427 -0.00112728123 0.826606393
  outer loop
  vertex -0.00976061914 -0.111571178 -0.714160323
  vertex -0.0076407548 -0.11387109 -0.715606749
  vertex -0.00761380792 -0.111571088 -0.715621948
  endloop
 endfacet

 facet normal 0.419133544 0.00109342928 0.907923937
  outer loop
  vertex -0.00761380792 -0.111571088 -0.715621948
  vertex -0.0076407548 -0.11387109 -0.715606749
  vertex -0.00529677887 -0.113871023 -0.716688812
  endloop
 endfacet

 facet normal 0.416861415 -0.00168012967 0.908968568
  outer loop
  vertex -0.00761380792 -0.111571088 -0.715621948
  vertex -0.00529677887 -0.113871023 -0.716688812
  vertex -0.00525309052 -0.111571014 -0.716704607
  endloop
 endfacet

 facet normal 0.262621015 0.00163347775 0.964897633
  outer loop
  vertex -0.00525309052 -0.111571014 -0.716704607
  vertex -0.00529677887 -0.113871023 -0.716688812
  vertex -0.00280571566 -0.113870949 -0.717366815
  endloop
 endfacet

 facet normal 0.259239942 -0.00222714641 0.965810418
  outer loop
  vertex -0.00525309052 -0.111571014 -0.716704607
  vertex -0.00280571566 -0.113870949 -0.717366815
  vertex -0.0027447273 -0.111570954 -0.717377901
  endloop
 endfacet

 facet normal 0.0988210142 0.00216758996 0.995102882
  outer loop
  vertex -0.0027447273 -0.111570954 -0.717377901
  vertex -0.00280571566 -0.113870949 -0.717366815
  vertex -0.000236661755 -0.113870904 -0.717621982
  endloop
 endfacet

 facet normal 0.0943405479 -0.00276428531 0.995536208
  outer loop
  vertex -0.0027447273 -0.111570954 -0.717377901
  vertex -0.000236661755 -0.113870904 -0.717621982
  vertex -0.000159172254 -0.111570895 -0.717622936
  endloop
 endfacet

 facet normal -0.067711778 0.0026963097 0.997701287
  outer loop
  vertex -0.000159172254 -0.111570895 -0.717622936
  vertex -0.000236661755 -0.113870904 -0.717621982
  vertex 0.00233909511 -0.113870852 -0.717447162
  endloop
 endfacet

 facet normal -0.073205553 -0.00330094062 0.997311473
  outer loop
  vertex -0.000159172254 -0.111570895 -0.717622936
  vertex 0.00233909511 -0.113870852 -0.717447162
  vertex 0.00243099895 -0.111570857 -0.717432797
  endloop
 endfacet

 facet normal -0.232377023 0.00321340701 0.972620487
  outer loop
  vertex 0.00243099895 -0.111570857 -0.717432797
  vertex 0.00233909511 -0.113870852 -0.717447162
  vertex 0.00485011144 -0.113870829 -0.716847241
  endloop
 endfacet

 facet normal -0.235291868 -2.95890204e-05 0.971924722
  outer loop
  vertex 0.00243099895 -0.111570857 -0.717432797
  vertex 0.00485011144 -0.113870829 -0.716847241
  vertex 0.00485006114 -0.11157082 -0.716847181
  endloop
 endfacet

 facet normal 0.977912307 1.02518998e-05 0.209015936
  outer loop
  vertex 0.00650526164 -0.113870755 -0.718339145
  vertex 0.00650522299 -0.111570746 -0.718339086
  vertex 0.00637416868 -0.111570761 -0.717725933
  endloop
 endfacet

 facet normal 0.978175938 0.000355195603 0.207778543
  outer loop
  vertex 0.00650526164 -0.113870755 -0.718339145
  vertex 0.00637416868 -0.111570761 -0.717725933
  vertex 0.0063757454 -0.11387077 -0.717729449
  endloop
 endfacet

 facet normal 0.807045698 -0.000343269843 0.590488911
  outer loop
  vertex 0.0063757454 -0.11387077 -0.717729449
  vertex 0.00637416868 -0.111570761 -0.717725933
  vertex 0.00600392418 -0.111570783 -0.717219889
  endloop
 endfacet

 facet normal 0.809265971 0.000690630404 0.58744204
  outer loop
  vertex 0.0063757454 -0.11387077 -0.717729449
  vertex 0.00600392418 -0.111570783 -0.717219889
  vertex 0.0060095787 -0.113870792 -0.717225015
  endloop
 endfacet

 facet normal 0.495144963 -0.000703760597 0.868810117
  outer loop
  vertex 0.0060095787 -0.113870792 -0.717225015
  vertex 0.00600392418 -0.111570783 -0.717219889
  vertex 0.00545915449 -0.111570805 -0.716909409
  endloop
 endfacet

 facet normal 0.500587106 0.001027297 0.865685642
  outer loop
  vertex 0.0060095787 -0.113870792 -0.717225015
  vertex 0.00545915449 -0.111570805 -0.716909409
  vertex 0.00546996901 -0.113870814 -0.716912985
  endloop
 endfacet

 facet normal 0.101721957 -0.00104594859 0.994812369
  outer loop
  vertex 0.00546996901 -0.113870814 -0.716912985
  vertex 0.00545915449 -0.111570805 -0.716909409
  vertex 0.00485006114 -0.11157082 -0.716847181
  endloop
 endfacet

 facet normal 0.105476901 -2.27152505e-05 0.994421721
  outer loop
  vertex 0.00546996901 -0.113870814 -0.716912985
  vertex 0.00485006114 -0.11157082 -0.716847181
  vertex 0.00485011144 -0.113870829 -0.716847241
  endloop
 endfacet

 facet normal 1.75135319e-05 -1 -2.56450203e-05
  outer loop
  vertex 0.0115054129 -0.121871158 -0.699234068
  vertex 0.0112546813 -0.121871218 -0.697008848
  vertex 0.00789216161 -0.121871255 -0.697788239
  endloop
 endfacet

 facet normal 1.75867517e-05 -1 -2.59609151e-05
  outer loop
  vertex 0.00789216161 -0.121871255 -0.697788239
  vertex 0.0112546813 -0.121871218 -0.697008848
  vertex 0.0105150947 -0.121871285 -0.694895208
  endloop
 endfacet

 facet normal 1.79750714e-05 -1 -2.65624949e-05
  outer loop
  vertex 0.00789216161 -0.121871255 -0.697788239
  vertex 0.0105150947 -0.121871285 -0.694895208
  vertex 0.00656611659 -0.12187133 -0.695963144
  endloop
 endfacet

 facet normal 1.83395314e-05 -1 -2.70758319e-05
  outer loop
  vertex 0.00656611659 -0.12187133 -0.695963144
  vertex 0.0105150947 -0.121871285 -0.694895208
  vertex 0.00932371709 -0.12187136 -0.692999184
  endloop
 endfacet

 facet normal 1.89224993e-05 -1 -2.75446946e-05
  outer loop
  vertex 0.00656611659 -0.12187133 -0.695963144
  vertex 0.00932371709 -0.12187136 -0.692999184
  vertex 0.00482783839 -0.121871404 -0.694525123
  endloop
 endfacet

 facet normal 2.18322803e-05 -1 -2.51583915e-05
  outer loop
  vertex -0.0174945816 -0.12187136 -0.712681949
  vertex -0.0174184702 -0.121871367 -0.712299287
  vertex -0.0174945854 -0.121871568 -0.70458591
  endloop
 endfacet

 facet normal 2.18322803e-05 -1 -2.51583915e-05
  outer loop
  vertex -0.0174945854 -0.121871568 -0.70458591
  vertex -0.0174184702 -0.121871367 -0.712299287
  vertex -0.0172016993 -0.121871375 -0.711974859
  endloop
 endfacet

 facet normal 2.18322803e-05 -1 -2.51583915e-05
  outer loop
  vertex -0.0174945854 -0.121871568 -0.70458591
  vertex -0.0172016993 -0.121871375 -0.711974859
  vertex -0.0168772638 -0.121871375 -0.711758077
  endloop
 endfacet

 facet normal 2.18322803e-05 -1 -2.51583915e-05
  outer loop
  vertex 0.00547011103 -0.121870816 -0.716913164
  vertex 0.00600972073 -0.121870793 -0.717225194
  vertex 0.00650541298 -0.121870905 -0.712493956
  endloop
 endfacet

 facet normal 2.18322803e-05 -1 -2.51583915e-05
  outer loop
  vertex 0.00650541298 -0.121870905 -0.712493956
  vertex 0.00600972073 -0.121870793 -0.717225194
  vertex 0.00637590839 -0.121870771 -0.717729628
  endloop
 endfacet

 facet normal 2.18322803e-05 -1 -2.51583915e-05
  outer loop
  vertex 0.00650541298 -0.121870905 -0.712493956
  vertex 0.00637590839 -0.121870771 -0.717729628
  vertex 0.00650542416 -0.121870756 -0.718339384
  endloop
 endfacet

 facet normal 1.73196495e-05 -1 -2.612955e-05
  outer loop
  vertex 0.00789216161 -0.121871255 -0.697788239
  vertex 0.00872265361 -0.121871188 -0.699885845
  vertex 0.0115054129 -0.121871158 -0.699234068
  endloop
 endfacet

 facet normal 1.70255917e-05 -1 -2.61863534e-05
  outer loop
  vertex 0.0115054129 -0.121871158 -0.699234068
  vertex 0.00872265361 -0.121871188 -0.699885845
  vertex 0.00900540873 -0.121871121 -0.702124059
  endloop
 endfacet

 facet normal 1.72800919e-05 -1 -2.60654469e-05
  outer loop
  vertex 0.0115054129 -0.121871158 -0.699234068
  vertex 0.00900540873 -0.121871121 -0.702124059
  vertex 0.0115054129 -0.121870905 -0.708680153
  endloop
 endfacet

 facet normal 1.87196765e-05 -1 -2.59032386e-05
  outer loop
  vertex 0.0115054129 -0.121870905 -0.708680153
  vertex 0.00900540873 -0.121871121 -0.702124059
  vertex 0.00872266106 -0.121871077 -0.704362273
  endloop
 endfacet

 facet normal 2.04533189e-05 -1 -2.5684225e-05
  outer loop
  vertex 0.0115054129 -0.121870905 -0.708680153
  vertex 0.00872266106 -0.121871077 -0.704362273
  vertex 0.011505411 -0.121870808 -0.712493956
  endloop
 endfacet

 facet normal 2.18322803e-05 -1 -2.51583915e-05
  outer loop
  vertex 0.011505411 -0.121870808 -0.712493956
  vertex 0.00872266106 -0.121871077 -0.704362273
  vertex 0.00650541298 -0.121870905 -0.712493956
  endloop
 endfacet

 facet normal 3.66992535e-05 -1 -3.10446048e-05
  outer loop
  vertex 0.00650541298 -0.121870905 -0.712493956
  vertex 0.00872266106 -0.121871077 -0.704362273
  vertex 0.00789217558 -0.121871039 -0.70645982
  endloop
 endfacet

 facet normal 0.000576513296 -0.999999881 -0.000155104819
  outer loop
  vertex 0.00650541298 -0.121870905 -0.712493956
  vertex 0.00789217558 -0.121871039 -0.70645982
  vertex 0.00547011103 -0.121870816 -0.716913164
  endloop
 endfacet

 facet normal 8.2139295e-06 -1 -2.34284798e-05
  outer loop
  vertex 0.00547011103 -0.121870816 -0.716913164
  vertex 0.00789217558 -0.121871039 -0.70645982
  vertex 0.00656613382 -0.121871009 -0.708284974
  endloop
 endfacet

 facet normal 2.18322803e-05 -1 -2.51583915e-05
  outer loop
  vertex 0.00547011103 -0.121870816 -0.716913164
  vertex 0.00656613382 -0.121871009 -0.708284974
  vertex 0.00485025346 -0.121870831 -0.71684742
  endloop
 endfacet

 facet normal 1.73971457e-05 -1 -2.41552752e-05
  outer loop
  vertex -0.0164945852 -0.121871367 -0.711681962
  vertex -0.0131347869 -0.121871307 -0.711681962
  vertex -0.00836257543 -0.121871375 -0.705437183
  endloop
 endfacet

 facet normal 1.93417272e-05 -1 -2.42068745e-05
  outer loop
  vertex -0.00501384307 -0.12187168 -0.690913558
  vertex -0.0130415941 -0.12187171 -0.696265399
  vertex -0.00727574574 -0.121871583 -0.696834028
  endloop
 endfacet

 facet normal 1.47058527e-05 -1 -2.72667148e-05
  outer loop
  vertex 0.00278654369 -0.121871471 -0.693564534
  vertex 0.00150539412 -0.121871613 -0.689234078
  vertex 0.000570510863 -0.121871516 -0.693141818
  endloop
 endfacet

 facet normal 1.70813273e-05 -1 -2.78350199e-05
  outer loop
  vertex 0.000570510863 -0.121871516 -0.693141818
  vertex 0.00150539412 -0.121871613 -0.689234078
  vertex 0.000533148297 -0.121871635 -0.689234078
  endloop
 endfacet

 facet normal 1.95367265e-05 -1 -2.84025646e-05
  outer loop
  vertex 0.000570510863 -0.121871516 -0.693141818
  vertex 0.000533148297 -0.121871635 -0.689234078
  vertex -0.00168103364 -0.121871561 -0.693283498
  endloop
 endfacet

 facet normal 2.18322803e-05 -1 -2.51583915e-05
  outer loop
  vertex 0.00656613382 -0.121871009 -0.708284974
  vertex 0.00482785236 -0.121871009 -0.709722996
  vertex 0.00485025346 -0.121870831 -0.71684742
  endloop
 endfacet

 facet normal 2.18322803e-05 -1 -2.51583915e-05
  outer loop
  vertex 0.00485025346 -0.121870831 -0.71684742
  vertex 0.00482785236 -0.121871009 -0.709722996
  vertex 0.00278657582 -0.121871032 -0.710683584
  endloop
 endfacet

 facet normal 2.00006762e-05 -1 -2.57716165e-05
  outer loop
  vertex 0.00485025346 -0.121870831 -0.71684742
  vertex 0.00278657582 -0.121871032 -0.710683584
  vertex 0.00233924901 -0.121870853 -0.71744734
  endloop
 endfacet

 facet normal 1.78725077e-05 -1 -2.63652291e-05
  outer loop
  vertex 0.00233924901 -0.121870853 -0.71744734
  vertex 0.00278657582 -0.121871032 -0.710683584
  vertex 0.000570533506 -0.121871054 -0.7111063
  endloop
 endfacet

 facet normal 1.8270177e-05 -1 -2.48224424e-05
  outer loop
  vertex -0.00836257543 -0.121871375 -0.705437183
  vertex -0.0131347869 -0.121871307 -0.711681962
  vertex -0.00727573689 -0.1218713 -0.70741415
  endloop
 endfacet

 facet normal 1.91197305e-05 -1 -2.6458094e-05
  outer loop
  vertex -0.00727574574 -0.121871583 -0.696834028
  vertex -0.0130415941 -0.12187171 -0.696265399
  vertex -0.00836258382 -0.121871538 -0.698810935
  endloop
 endfacet

 facet normal 1.86441448e-05 -1 -2.91754404e-05
  outer loop
  vertex -0.00836258382 -0.121871538 -0.698810935
  vertex -0.0130415941 -0.12187171 -0.696265399
  vertex -0.0145597458 -0.121871695 -0.697508931
  endloop
 endfacet

 facet normal 1.87138467e-05 -1 -2.92973546e-05
  outer loop
  vertex -0.00836258382 -0.121871538 -0.698810935
  vertex -0.0145597458 -0.121871695 -0.697508931
  vertex -0.00892362278 -0.121871501 -0.700996041
  endloop
 endfacet

 facet normal 1.53680776e-05 -1 -2.36785909e-05
  outer loop
  vertex -0.00382659561 -0.121871151 -0.710267484
  vertex -0.0052966252 -0.121871024 -0.716688991
  vertex -0.00168100616 -0.121871106 -0.71096462
  endloop
 endfacet

 facet normal 1.73212866e-05 -1 -2.49122731e-05
  outer loop
  vertex -0.00168100616 -0.121871106 -0.71096462
  vertex -0.0052966252 -0.121871024 -0.716688991
  vertex -0.00280555291 -0.12187095 -0.717367053
  endloop
 endfacet

 facet normal 1.73478511e-05 -1 -2.59991502e-05
  outer loop
  vertex -0.00168100616 -0.121871106 -0.71096462
  vertex -0.00280555291 -0.12187095 -0.717367053
  vertex 0.000570533506 -0.121871054 -0.7111063
  endloop
 endfacet

 facet normal 1.75926525e-05 -1 -2.62558588e-05
  outer loop
  vertex 0.000570533506 -0.121871054 -0.7111063
  vertex -0.00280555291 -0.12187095 -0.717367053
  vertex -0.000236510677 -0.121870905 -0.717622161
  endloop
 endfacet

 facet normal 1.59625743e-05 -1 -2.61286677e-05
  outer loop
  vertex 0.000570533506 -0.121871054 -0.7111063
  vertex -0.000236510677 -0.121870905 -0.717622161
  vertex 0.00233924901 -0.121870853 -0.71744734
  endloop
 endfacet

 facet normal 1.95549437e-05 -1 -2.60548477e-05
  outer loop
  vertex -0.0131347869 -0.121871307 -0.711681962
  vertex -0.0123107238 -0.121871285 -0.711859643
  vertex -0.00727573689 -0.1218713 -0.70741415
  endloop
 endfacet

 facet normal 2.0583524e-05 -1 -2.69970969e-05
  outer loop
  vertex -0.00727573689 -0.1218713 -0.70741415
  vertex -0.0123107238 -0.121871285 -0.711859643
  vertex -0.0116330516 -0.121871255 -0.712361097
  endloop
 endfacet

 facet normal 2.02254123e-05 -1 -2.66171628e-05
  outer loop
  vertex -0.00727573689 -0.1218713 -0.70741415
  vertex -0.0116330516 -0.121871255 -0.712361097
  vertex -0.00573140197 -0.121871226 -0.709058702
  endloop
 endfacet

 facet normal 2.02986521e-05 -1 -2.68375352e-05
  outer loop
  vertex -0.00573140197 -0.121871226 -0.709058702
  vertex -0.0116330516 -0.121871255 -0.712361097
  vertex -0.00977245625 -0.121871173 -0.714150846
  endloop
 endfacet

 facet normal 1.85937151e-05 -1 -2.57363863e-05
  outer loop
  vertex -0.00573140197 -0.121871226 -0.709058702
  vertex -0.00977245625 -0.121871173 -0.714150846
  vertex -0.00382659561 -0.121871151 -0.710267484
  endloop
 endfacet

 facet normal 1.87183978e-05 -1 -2.58435066e-05
  outer loop
  vertex -0.00382659561 -0.121871151 -0.710267484
  vertex -0.00977245625 -0.121871173 -0.714150846
  vertex -0.00764060114 -0.121871091 -0.715606928
  endloop
 endfacet

 facet normal 1.70957701e-05 -1 -2.47970747e-05
  outer loop
  vertex -0.00382659561 -0.121871151 -0.710267484
  vertex -0.00764060114 -0.121871091 -0.715606928
  vertex -0.0052966252 -0.121871024 -0.716688991
  endloop
 endfacet

 facet normal 2.01719122e-05 -1 -2.45240481e-05
  outer loop
  vertex -0.00727574574 -0.121871583 -0.696834028
  vertex -0.00573142385 -0.121871591 -0.695189416
  vertex -0.00501384307 -0.12187168 -0.690913558
  endloop
 endfacet

 facet normal 2.10020953e-05 -1 -2.48412216e-05
  outer loop
  vertex -0.00501384307 -0.12187168 -0.690913558
  vertex -0.00573142385 -0.121871591 -0.695189416
  vertex -0.00382661354 -0.121871576 -0.693980634
  endloop
 endfacet

 facet normal 1.86176476e-05 -1 -2.57642223e-05
  outer loop
  vertex -0.00501384307 -0.12187168 -0.690913558
  vertex -0.00382661354 -0.121871576 -0.693980634
  vertex -0.00328723411 -0.12187168 -0.689992607
  endloop
 endfacet

 facet normal 1.95277571e-05 -1 -2.73517126e-05
  outer loop
  vertex -0.00328723411 -0.12187168 -0.689992607
  vertex -0.00382661354 -0.121871576 -0.693980634
  vertex -0.00168103364 -0.121871561 -0.693283498
  endloop
 endfacet

 facet normal 1.95277571e-05 -1 -2.73517126e-05
  outer loop
  vertex -0.00328723411 -0.12187168 -0.689992607
  vertex -0.00168103364 -0.121871561 -0.693283498
  vertex -0.00141433009 -0.121871658 -0.689425528
  endloop
 endfacet

 facet normal 2.19122012e-05 -1 -2.76997889e-05
  outer loop
  vertex -0.00141433009 -0.121871658 -0.689425528
  vertex -0.00168103364 -0.121871561 -0.693283498
  vertex 0.000533148297 -0.121871635 -0.689234078
  endloop
 endfacet

 facet normal 1.91489198e-05 -1 -2.76057581e-05
  outer loop
  vertex 0.00932371709 -0.12187136 -0.692999184
  vertex 0.00774029596 -0.121871434 -0.691415787
  vertex 0.00482783839 -0.121871404 -0.694525123
  endloop
 endfacet

 facet normal 1.79430899e-05 -1 -2.63911461e-05
  outer loop
  vertex 0.00482783839 -0.121871404 -0.694525123
  vertex 0.00774029596 -0.121871434 -0.691415787
  vertex 0.00584423589 -0.121871494 -0.690224409
  endloop
 endfacet

 facet normal 1.6392456e-05 -1 -2.62690719e-05
  outer loop
  vertex 0.00482783839 -0.121871404 -0.694525123
  vertex 0.00584423589 -0.121871494 -0.690224409
  vertex 0.00278654369 -0.121871471 -0.693564534
  endloop
 endfacet

 facet normal 1.71758493e-05 -1 -2.53221042e-05
  outer loop
  vertex 0.00278654369 -0.121871471 -0.693564534
  vertex 0.00584423589 -0.121871494 -0.690224409
  vertex 0.00373060931 -0.121871553 -0.689484775
  endloop
 endfacet

 facet normal 1.70813291e-05 -1 -2.65639428e-05
  outer loop
  vertex 0.00278654369 -0.121871471 -0.693564534
  vertex 0.00373060931 -0.121871553 -0.689484775
  vertex 0.00150539412 -0.121871613 -0.689234078
  endloop
 endfacet

 facet normal 1.91818181e-05 -1 -2.68831463e-05
  outer loop
  vertex -0.0145597458 -0.121871695 -0.697508931
  vertex -0.0158058014 -0.12187168 -0.699025035
  vertex -0.00892362278 -0.121871501 -0.700996041
  endloop
 endfacet

 facet normal 1.98617854e-05 -1 -2.41480502e-05
  outer loop
  vertex -0.00892362278 -0.121871501 -0.700996041
  vertex -0.0158058014 -0.12187168 -0.699025035
  vertex -0.0167317856 -0.121871658 -0.700755239
  endloop
 endfacet

 facet normal 1.98110902e-05 -1 -2.45882675e-05
  outer loop
  vertex -0.00892362278 -0.121871501 -0.700996041
  vertex -0.0167317856 -0.121871658 -0.700755239
  vertex -0.00899459235 -0.121871471 -0.702124059
  endloop
 endfacet

 facet normal 1.9518211e-05 -1 -2.71088411e-05
  outer loop
  vertex -0.00899459235 -0.121871471 -0.702124059
  vertex -0.0167317856 -0.121871658 -0.700755239
  vertex -0.0173020307 -0.121871613 -0.702632964
  endloop
 endfacet

 facet normal 1.89528e-05 -1 -2.75187158e-05
  outer loop
  vertex -0.00899459235 -0.121871471 -0.702124059
  vertex -0.0173020307 -0.121871613 -0.702632964
  vertex -0.00892361812 -0.121871442 -0.703252077
  endloop
 endfacet

 facet normal 1.95877037e-05 -1 -2.75586608e-05
  outer loop
  vertex -0.00892361812 -0.121871442 -0.703252077
  vertex -0.0173020307 -0.121871613 -0.702632964
  vertex -0.0174945854 -0.121871568 -0.70458591
  endloop
 endfacet

 facet normal 1.91626859e-05 -1 -2.48989727e-05
  outer loop
  vertex -0.00892361812 -0.121871442 -0.703252077
  vertex -0.0174945854 -0.121871568 -0.70458591
  vertex -0.00836257543 -0.121871375 -0.705437183
  endloop
 endfacet

 facet normal 2.03539021e-05 -1 -2.48240212e-05
  outer loop
  vertex -0.00836257543 -0.121871375 -0.705437183
  vertex -0.0174945854 -0.121871568 -0.70458591
  vertex -0.0168772638 -0.121871375 -0.711758077
  endloop
 endfacet

 facet normal 1.88755221e-05 -1 -2.44896491e-05
  outer loop
  vertex -0.00836257543 -0.121871375 -0.705437183
  vertex -0.0168772638 -0.121871375 -0.711758077
  vertex -0.0164945852 -0.121871367 -0.711681962
  endloop
 endfacet

 facet normal -1.87672667e-05 1 2.49026107e-05
  outer loop
  vertex 0.0113669587 -0.113870665 -0.718339145
  vertex 0.00650526164 -0.113870755 -0.718339145
  vertex 0.0115052741 -0.113870703 -0.716681719
  endloop
 endfacet

 facet normal -1.88608756e-05 1 2.51850051e-05
  outer loop
  vertex 0.0115052741 -0.113870703 -0.716681719
  vertex 0.00650526164 -0.113870755 -0.718339145
  vertex 0.0063757454 -0.11387077 -0.717729449
  endloop
 endfacet

 facet normal -1.89723687e-05 1 2.55549458e-05
  outer loop
  vertex 0.0115052741 -0.113870703 -0.716681719
  vertex 0.0063757454 -0.11387077 -0.717729449
  vertex 0.0115052499 -0.113871157 -0.69923389
  endloop
 endfacet

 facet normal -2.18322803e-05 1 2.51583915e-05
  outer loop
  vertex -0.0164947398 -0.113871366 -0.711681783
  vertex -0.0169947371 -0.113871373 -0.711815715
  vertex -0.0174947493 -0.113871567 -0.704585731
  endloop
 endfacet

 facet normal -2.18322803e-05 1 2.51583915e-05
  outer loop
  vertex -0.0174947493 -0.113871567 -0.704585731
  vertex -0.0169947371 -0.113871373 -0.711815715
  vertex -0.0173607599 -0.113871373 -0.712181747
  endloop
 endfacet

 facet normal -2.18322803e-05 1 2.51583915e-05
  outer loop
  vertex -0.0174947493 -0.113871567 -0.704585731
  vertex -0.0173607599 -0.113871373 -0.712181747
  vertex -0.0174947325 -0.113871358 -0.71268177
  endloop
 endfacet

 facet normal -2.47129683e-05 1 2.72513462e-05
  outer loop
  vertex 0.00546996901 -0.113870814 -0.716912985
  vertex 0.00656598248 -0.113871023 -0.708284736
  vertex 0.00789202191 -0.113871038 -0.706459641
  endloop
 endfacet

 facet normal -1.9458661e-05 1 2.60288343e-05
  outer loop
  vertex 0.0063757454 -0.11387077 -0.717729449
  vertex 0.0060095787 -0.113870792 -0.717225015
  vertex 0.0115052499 -0.113871157 -0.69923389
  endloop
 endfacet

 facet normal -2.13469521e-05 1 2.65293529e-05
  outer loop
  vertex 0.0115052499 -0.113871157 -0.69923389
  vertex 0.0060095787 -0.113870792 -0.717225015
  vertex 0.00546996901 -0.113870814 -0.716912985
  endloop
 endfacet

 facet normal -1.98616999e-05 1 2.60128345e-05
  outer loop
  vertex 0.0115052499 -0.113871157 -0.69923389
  vertex 0.00546996901 -0.113870814 -0.716912985
  vertex 0.00872250739 -0.113871075 -0.704362035
  endloop
 endfacet

 facet normal -2.66461266e-05 1 2.76992614e-05
  outer loop
  vertex 0.00872250739 -0.113871075 -0.704362035
  vertex 0.00546996901 -0.113870814 -0.716912985
  vertex 0.00789202191 -0.113871038 -0.706459641
  endloop
 endfacet

 facet normal -2.02637293e-05 1 2.67889991e-05
  outer loop
  vertex -0.0116332034 -0.113871254 -0.712360859
  vertex -0.00727589056 -0.113871299 -0.707413912
  vertex -0.00977261085 -0.113871172 -0.714150608
  endloop
 endfacet

 facet normal -2.02236097e-05 1 2.67741325e-05
  outer loop
  vertex -0.00977261085 -0.113871172 -0.714150608
  vertex -0.00727589056 -0.113871299 -0.707413912
  vertex -0.0057315533 -0.113871224 -0.709058464
  endloop
 endfacet

 facet normal -2.03144045e-05 1 2.68631538e-05
  outer loop
  vertex -0.00977261085 -0.113871172 -0.714150608
  vertex -0.0057315533 -0.113871224 -0.709058464
  vertex -0.0076407548 -0.11387109 -0.715606749
  endloop
 endfacet

 facet normal -2.04310418e-05 1 2.69597112e-05
  outer loop
  vertex -0.0076407548 -0.11387109 -0.715606749
  vertex -0.0057315533 -0.113871224 -0.709058464
  vertex -0.0038267374 -0.11387115 -0.710267305
  endloop
 endfacet

 facet normal -1.9077479e-05 1 2.59923036e-05
  outer loop
  vertex -0.0076407548 -0.11387109 -0.715606749
  vertex -0.0038267374 -0.11387115 -0.710267305
  vertex -0.00529677887 -0.113871023 -0.716688812
  endloop
 endfacet

 facet normal -1.73547796e-05 1 2.48664692e-05
  outer loop
  vertex -0.00529677887 -0.113871023 -0.716688812
  vertex -0.0038267374 -0.11387115 -0.710267305
  vertex -0.00168116903 -0.113871105 -0.710964441
  endloop
 endfacet

 facet normal -1.38497626e-05 1 2.58714263e-05
  outer loop
  vertex 0.00656598248 -0.113871023 -0.708284736
  vertex 0.00546996901 -0.113870814 -0.716912985
  vertex 0.00482771033 -0.113871008 -0.709722817
  endloop
 endfacet

 facet normal -1.6510603e-05 1 2.5633748e-05
  outer loop
  vertex 0.00482771033 -0.113871008 -0.709722817
  vertex 0.00546996901 -0.113870814 -0.716912985
  vertex 0.00485011144 -0.113870829 -0.716847241
  endloop
 endfacet

 facet normal -1.91714407e-05 1 2.53960716e-05
  outer loop
  vertex 0.00482771033 -0.113871008 -0.709722817
  vertex 0.00485011144 -0.113870829 -0.716847241
  vertex 0.00278642215 -0.113871031 -0.710683346
  endloop
 endfacet

 facet normal -2.00006871e-05 1 2.57716165e-05
  outer loop
  vertex 0.00278642215 -0.113871031 -0.710683346
  vertex 0.00485011144 -0.113870829 -0.716847241
  vertex 0.00233909511 -0.113870852 -0.717447162
  endloop
 endfacet

 facet normal -1.78725168e-05 1 2.6365231e-05
  outer loop
  vertex 0.00278642215 -0.113871031 -0.710683346
  vertex 0.00233909511 -0.113870852 -0.717447162
  vertex 0.000570379721 -0.113871053 -0.711106122
  endloop
 endfacet

 facet normal -1.78725168e-05 1 2.6365231e-05
  outer loop
  vertex 0.000570379721 -0.113871053 -0.711106122
  vertex 0.00233909511 -0.113870852 -0.717447162
  vertex -0.000236661755 -0.113870904 -0.717621982
  endloop
 endfacet

 facet normal -1.75493587e-05 1 2.52587306e-05
  outer loop
  vertex 0.000570379721 -0.113871053 -0.711106122
  vertex -0.000236661755 -0.113870904 -0.717621982
  vertex -0.00168116903 -0.113871105 -0.710964441
  endloop
 endfacet

 facet normal -1.77015318e-05 1 2.50938574e-05
  outer loop
  vertex -0.00168116903 -0.113871105 -0.710964441
  vertex -0.000236661755 -0.113870904 -0.717621982
  vertex -0.00280571566 -0.113870949 -0.717366815
  endloop
 endfacet

 facet normal -1.57849991e-05 1 2.46551172e-05
  outer loop
  vertex -0.00168116903 -0.113871105 -0.710964441
  vertex -0.00280571566 -0.113870949 -0.717366815
  vertex -0.00529677887 -0.113871023 -0.716688812
  endloop
 endfacet

 facet normal -1.65748861e-05 1 2.50212724e-05
  outer loop
  vertex 0.00872250739 -0.113871075 -0.704362035
  vertex 0.00900525507 -0.11387112 -0.702123821
  vertex 0.0115052499 -0.113871157 -0.69923389
  endloop
 endfacet

 facet normal -1.68618571e-05 1 2.53681646e-05
  outer loop
  vertex 0.0115052499 -0.113871157 -0.69923389
  vertex 0.00900525507 -0.11387112 -0.702123821
  vertex 0.00872251112 -0.113871187 -0.699885607
  endloop
 endfacet

 facet normal -1.74493834e-05 1 2.58580221e-05
  outer loop
  vertex 0.0115052499 -0.113871157 -0.69923389
  vertex 0.00872251112 -0.113871187 -0.699885607
  vertex 0.0112545304 -0.113871217 -0.697008669
  endloop
 endfacet

 facet normal -1.70065523e-05 1 2.61090427e-05
  outer loop
  vertex 0.0112545304 -0.113871217 -0.697008669
  vertex 0.00872251112 -0.113871187 -0.699885607
  vertex 0.0078920098 -0.113871254 -0.69778806
  endloop
 endfacet

 facet normal -1.73738481e-05 1 2.63681486e-05
  outer loop
  vertex 0.0112545304 -0.113871217 -0.697008669
  vertex 0.0078920098 -0.113871254 -0.69778806
  vertex 0.0105149411 -0.113871284 -0.694895029
  endloop
 endfacet

 facet normal -1.80616407e-05 1 2.69359953e-05
  outer loop
  vertex 0.0105149411 -0.113871284 -0.694895029
  vertex 0.0078920098 -0.113871254 -0.69778806
  vertex 0.00656597456 -0.113871329 -0.695962906
  endloop
 endfacet

 facet normal -2.18322803e-05 1 2.51583915e-05
  outer loop
  vertex 0.000570359756 -0.113871515 -0.69314158
  vertex -0.00168118475 -0.11387156 -0.69328326
  vertex -0.001414472 -0.113871656 -0.689425349
  endloop
 endfacet

 facet normal -2.03650452e-05 1 2.82764486e-05
  outer loop
  vertex 0.00278640166 -0.11387147 -0.693564355
  vertex 0.00584408501 -0.113871507 -0.690224171
  vertex 0.00482768752 -0.113871403 -0.694524884
  endloop
 endfacet

 facet normal -2.02222582e-05 1 2.82427027e-05
  outer loop
  vertex 0.00482768752 -0.113871403 -0.694524884
  vertex 0.00584408501 -0.113871507 -0.690224171
  vertex 0.00774014462 -0.113871433 -0.691415548
  endloop
 endfacet

 facet normal -1.96600704e-05 1 2.79671403e-05
  outer loop
  vertex 0.00482768752 -0.113871403 -0.694524884
  vertex 0.00774014462 -0.113871433 -0.691415548
  vertex 0.00656597456 -0.113871329 -0.695962906
  endloop
 endfacet

 facet normal -1.92810112e-05 1 2.77959189e-05
  outer loop
  vertex 0.00656597456 -0.113871329 -0.695962906
  vertex 0.00774014462 -0.113871433 -0.691415548
  vertex 0.00932356343 -0.113871358 -0.692998946
  endloop
 endfacet

 facet normal -1.8546516e-05 1 2.72684247e-05
  outer loop
  vertex 0.00656597456 -0.113871329 -0.695962906
  vertex 0.00932356343 -0.113871358 -0.692998946
  vertex 0.0105149411 -0.113871284 -0.694895029
  endloop
 endfacet

 facet normal -2.18322803e-05 1 2.51583915e-05
  outer loop
  vertex -0.001414472 -0.113871656 -0.689425349
  vertex -0.00168118475 -0.11387156 -0.69328326
  vertex -0.00328738801 -0.113871679 -0.689992428
  endloop
 endfacet

 facet normal -2.18322803e-05 1 2.51583915e-05
  outer loop
  vertex -0.00328738801 -0.113871679 -0.689992428
  vertex -0.00168118475 -0.11387156 -0.69328326
  vertex -0.00382676744 -0.113871589 -0.693980396
  endloop
 endfacet

 facet normal -1.87318437e-05 1 2.47390562e-05
  outer loop
  vertex -0.00328738801 -0.113871679 -0.689992428
  vertex -0.00382676744 -0.113871589 -0.693980396
  vertex -0.0050139972 -0.113871679 -0.690913379
  endloop
 endfacet

 facet normal -1.58133698e-05 1 2.42492806e-05
  outer loop
  vertex -0.0050139972 -0.113871679 -0.690913379
  vertex -0.00382676744 -0.113871589 -0.693980396
  vertex -0.00573156588 -0.113871589 -0.695189238
  endloop
 endfacet

 facet normal -1.51166896e-05 1 2.41323651e-05
  outer loop
  vertex -0.0050139972 -0.113871679 -0.690913379
  vertex -0.00573156588 -0.113871589 -0.695189238
  vertex -0.0130417477 -0.113871709 -0.696265221
  endloop
 endfacet

 facet normal -1.74286761e-05 1 2.38112971e-05
  outer loop
  vertex -0.00573156588 -0.113871589 -0.695189238
  vertex -0.00727590872 -0.113871582 -0.696833789
  vertex -0.0130417477 -0.113871709 -0.696265221
  endloop
 endfacet

 facet normal -1.92949701e-05 1 2.62351168e-05
  outer loop
  vertex -0.0130417477 -0.113871709 -0.696265221
  vertex -0.00727590872 -0.113871582 -0.696833789
  vertex -0.0083627468 -0.113871537 -0.698810756
  endloop
 endfacet

 facet normal -1.87776386e-05 1 2.93757294e-05
  outer loop
  vertex -0.0130417477 -0.113871709 -0.696265221
  vertex -0.0083627468 -0.113871537 -0.698810756
  vertex -0.0145598967 -0.113871694 -0.697508752
  endloop
 endfacet

 facet normal -1.87138357e-05 1 2.92973855e-05
  outer loop
  vertex -0.0145598967 -0.113871694 -0.697508752
  vertex -0.0083627468 -0.113871537 -0.698810756
  vertex -0.00892377645 -0.1138715 -0.700995862
  endloop
 endfacet

 facet normal -2.0337513e-05 1 2.68539879e-05
  outer loop
  vertex -0.0116332034 -0.113871254 -0.712360859
  vertex -0.0123155164 -0.113871284 -0.711857319
  vertex -0.00727589056 -0.113871299 -0.707413912
  endloop
 endfacet

 facet normal -2.06676814e-05 1 2.72097659e-05
  outer loop
  vertex -0.00727589056 -0.113871299 -0.707413912
  vertex -0.0123155164 -0.113871284 -0.711857319
  vertex -0.0131349405 -0.113871306 -0.711681783
  endloop
 endfacet

 facet normal -2.05114047e-05 1 2.69340344e-05
  outer loop
  vertex -0.00727589056 -0.113871299 -0.707413912
  vertex -0.0131349405 -0.113871306 -0.711681783
  vertex -0.0083627291 -0.113871373 -0.705437005
  endloop
 endfacet

 facet normal -2.1034255e-05 1 2.63905004e-05
  outer loop
  vertex -0.0083627291 -0.113871373 -0.705437005
  vertex -0.0131349405 -0.113871306 -0.711681783
  vertex -0.0164947398 -0.113871366 -0.711681783
  endloop
 endfacet

 facet normal -2.02065257e-05 1 2.57531847e-05
  outer loop
  vertex -0.0083627291 -0.113871373 -0.705437005
  vertex -0.0164947398 -0.113871366 -0.711681783
  vertex -0.0089237811 -0.11387144 -0.703251839
  endloop
 endfacet

 facet normal -2.08118709e-05 1 2.54203915e-05
  outer loop
  vertex -0.0089237811 -0.11387144 -0.703251839
  vertex -0.0164947398 -0.113871366 -0.711681783
  vertex -0.0174947493 -0.113871567 -0.704585731
  endloop
 endfacet

 facet normal -1.96640685e-05 1 2.54926035e-05
  outer loop
  vertex -0.0089237811 -0.11387144 -0.703251839
  vertex -0.0174947493 -0.113871567 -0.704585731
  vertex -0.00899474602 -0.11387147 -0.70212388
  endloop
 endfacet

 facet normal -1.94090171e-05 1 2.64526388e-05
  outer loop
  vertex -0.001414472 -0.113871656 -0.689425349
  vertex 0.000533006329 -0.113871634 -0.689233899
  vertex 0.000570359756 -0.113871515 -0.69314158
  endloop
 endfacet

 facet normal -1.94090171e-05 1 2.77237232e-05
  outer loop
  vertex 0.000570359756 -0.113871515 -0.69314158
  vertex 0.000533006329 -0.113871634 -0.689233899
  vertex 0.00150525221 -0.113871612 -0.689233899
  endloop
 endfacet

 facet normal -2.13431995e-05 1 2.74688282e-05
  outer loop
  vertex 0.000570359756 -0.113871515 -0.69314158
  vertex 0.00150525221 -0.113871612 -0.689233899
  vertex 0.00278640166 -0.11387147 -0.693564355
  endloop
 endfacet

 facet normal -2.13431995e-05 1 2.74688282e-05
  outer loop
  vertex 0.00278640166 -0.11387147 -0.693564355
  vertex 0.00150525221 -0.113871612 -0.689233899
  vertex 0.00373045565 -0.113871552 -0.689484596
  endloop
 endfacet

 facet normal -2.08541223e-05 1 2.72370944e-05
  outer loop
  vertex 0.00278640166 -0.11387147 -0.693564355
  vertex 0.00373045565 -0.113871552 -0.689484596
  vertex 0.00584408501 -0.113871507 -0.690224171
  endloop
 endfacet

 facet normal -2.02396895e-05 1 2.77301006e-05
  outer loop
  vertex -0.0174947493 -0.113871567 -0.704585731
  vertex -0.0173021927 -0.113871627 -0.702632785
  vertex -0.00899474602 -0.11387147 -0.70212388
  endloop
 endfacet

 facet normal -1.96304518e-05 1 2.75450802e-05
  outer loop
  vertex -0.00899474602 -0.11387147 -0.70212388
  vertex -0.0173021927 -0.113871627 -0.702632785
  vertex -0.0167319402 -0.113871656 -0.700755
  endloop
 endfacet

 facet normal -1.93147571e-05 1 2.48503311e-05
  outer loop
  vertex -0.00899474602 -0.11387147 -0.70212388
  vertex -0.0167319402 -0.113871656 -0.700755
  vertex -0.00892377645 -0.1138715 -0.700995862
  endloop
 endfacet

 facet normal -1.98367525e-05 1 2.44431994e-05
  outer loop
  vertex -0.00892377645 -0.1138715 -0.700995862
  vertex -0.0167319402 -0.113871656 -0.700755
  vertex -0.0158059523 -0.113871679 -0.699024796
  endloop
 endfacet

 facet normal -1.91402105e-05 1 2.70284218e-05
  outer loop
  vertex -0.00892377645 -0.1138715 -0.700995862
  vertex -0.0158059523 -0.113871679 -0.699024796
  vertex -0.0145598967 -0.113871694 -0.697508752
  endloop
 endfacet

 facet normal -0.803390861 0.00958058517 -0.595375061
  outer loop
  vertex 0.00391780538 -0.118446313 -0.69901067
  vertex 0.0039898362 -0.118169248 -0.699103415
  vertex 0.00440280512 -0.123371281 -0.699744344
  endloop
 endfacet

 facet normal -0.821377695 -0.00507199671 -0.57036221
  outer loop
  vertex 0.00401404686 -0.117871299 -0.699135602
  vertex 0.00398982316 -0.117573336 -0.699103355
  vertex 0.0044025979 -0.112371273 -0.699744046
  endloop
 endfacet

 facet normal -0.803383827 -0.00958155841 -0.595384479
  outer loop
  vertex 0.0044025979 -0.112371273 -0.699744046
  vertex 0.00398982316 -0.117573336 -0.699103355
  vertex 0.00391778024 -0.117296301 -0.699010611
  endloop
 endfacet

 facet normal -0.78315866 -0.0154809915 -0.621629357
  outer loop
  vertex 0.00391778024 -0.117296301 -0.699010611
  vertex 0.00379922101 -0.11705789 -0.698867202
  vertex 0.0044025979 -0.112371273 -0.699744046
  endloop
 endfacet

 facet normal -0.755370378 -0.0252669305 -0.654810846
  outer loop
  vertex 0.0044025979 -0.112371273 -0.699744046
  vertex 0.00379922101 -0.11705789 -0.698867202
  vertex 0.0036383986 -0.116875388 -0.698688745
  endloop
 endfacet

 facet normal -0.845943153 0.01865419 -0.532946706
  outer loop
  vertex 0.0044025979 -0.112371273 -0.699744046
  vertex 0.0036383986 -0.116875388 -0.698688745
  vertex 0.00405030232 -0.112371296 -0.699184895
  endloop
 endfacet

 facet normal -0.705913305 -0.013453912 -0.708170533
  outer loop
  vertex 0.00405030232 -0.112371296 -0.699184895
  vertex 0.0036383986 -0.116875388 -0.698688745
  vertex 0.00339170918 -0.116744474 -0.69844532
  endloop
 endfacet

 facet normal -0.746822536 3.8253811e-06 -0.665023386
  outer loop
  vertex 0.00405030232 -0.112371296 -0.699184895
  vertex 0.00339170918 -0.116744474 -0.69844532
  vertex 0.00339162559 -0.112371325 -0.698445201
  endloop
 endfacet

 facet normal -0.523722529 -0.00996570103 -0.851830661
  outer loop
  vertex 0.00275744474 -0.116875425 -0.697949529
  vertex 0.00255365157 -0.117058061 -0.697822094
  vertex 0.00201370963 -0.112371378 -0.697544932
  endloop
 endfacet

 facet normal -0.488360584 -0.00466183433 -0.872629523
  outer loop
  vertex 0.00201370963 -0.112371378 -0.697544932
  vertex 0.00255365157 -0.117058061 -0.697822094
  vertex 0.0023919309 -0.117296368 -0.697730303
  endloop
 endfacet

 facet normal -0.46245417 -0.00214499398 -0.886640549
  outer loop
  vertex 0.00201370963 -0.112371378 -0.697544932
  vertex 0.0023919309 -0.117296368 -0.697730303
  vertex 0.00228809239 -0.117573395 -0.697675467
  endloop
 endfacet

 facet normal -0.633588672 8.95228004e-06 -0.773670137
  outer loop
  vertex 0.00339162559 -0.112371325 -0.698445201
  vertex 0.00339170918 -0.116744474 -0.69844532
  vertex 0.0029441407 -0.112371348 -0.698078692
  endloop
 endfacet

 facet normal -0.660595238 -0.00467821723 -0.750727773
  outer loop
  vertex 0.0029441407 -0.112371348 -0.698078692
  vertex 0.00339170918 -0.116744474 -0.69844532
  vertex 0.00321925106 -0.11672134 -0.698293686
  endloop
 endfacet

 facet normal -0.497586817 0.0113939177 -0.867339373
  outer loop
  vertex 0.0029441407 -0.112371348 -0.698078692
  vertex 0.00321925106 -0.11672134 -0.698293686
  vertex 0.00201370963 -0.112371378 -0.697544932
  endloop
 endfacet

 facet normal -0.61563015 -0.0351056457 -0.787252903
  outer loop
  vertex 0.00201370963 -0.112371378 -0.697544932
  vertex 0.00321925106 -0.11672134 -0.698293686
  vertex 0.00298510538 -0.116760671 -0.698108852
  endloop
 endfacet

 facet normal -0.566632211 -0.0195745733 -0.823738277
  outer loop
  vertex 0.00201370963 -0.112371378 -0.697544932
  vertex 0.00298510538 -0.116760671 -0.698108852
  vertex 0.00275744474 -0.116875425 -0.697949529
  endloop
 endfacet

 facet normal -0.44590193 0.00109220215 -0.895081162
  outer loop
  vertex 0.002252148 -0.117871374 -0.697657228
  vertex 0.00228810543 -0.118169352 -0.697675467
  vertex 0.00201390544 -0.123371385 -0.69754523
  endloop
 endfacet

 facet normal -0.462401003 0.00217251549 -0.886668324
  outer loop
  vertex 0.00201390544 -0.123371385 -0.69754523
  vertex 0.00228810543 -0.118169352 -0.697675467
  vertex 0.00239194673 -0.118446365 -0.697730303
  endloop
 endfacet

 facet normal -0.488374233 0.00469407905 -0.872621655
  outer loop
  vertex 0.00201390544 -0.123371385 -0.69754523
  vertex 0.00239194673 -0.118446365 -0.697730303
  vertex 0.00255351863 -0.118684493 -0.697822034
  endloop
 endfacet

 facet normal -0.523692548 0.00998711959 -0.851848781
  outer loop
  vertex 0.00255351863 -0.118684493 -0.697822034
  vertex 0.00275748805 -0.118867293 -0.697949529
  vertex 0.00201390544 -0.123371385 -0.69754523
  endloop
 endfacet

 facet normal -0.566725135 0.01962067 -0.823673368
  outer loop
  vertex 0.00201390544 -0.123371385 -0.69754523
  vertex 0.00275748805 -0.118867293 -0.697949529
  vertex 0.00298550981 -0.118982136 -0.69810921
  endloop
 endfacet

 facet normal -0.497611821 -0.00129636819 -0.867398918
  outer loop
  vertex 0.00201390544 -0.123371385 -0.69754523
  vertex 0.00298550981 -0.118982136 -0.69810921
  vertex 0.00294435723 -0.123371355 -0.69807899
  endloop
 endfacet

 facet normal -0.619639993 0.000414885901 -0.784886122
  outer loop
  vertex 0.00294435723 -0.123371355 -0.69807899
  vertex 0.00298550981 -0.118982136 -0.69810921
  vertex 0.00321925036 -0.119021334 -0.698293746
  endloop
 endfacet

 facet normal -0.633587599 0.00184997788 -0.773668885
  outer loop
  vertex 0.00294435723 -0.123371355 -0.69807899
  vertex 0.00321925036 -0.119021334 -0.698293746
  vertex 0.00339184212 -0.123371333 -0.698445499
  endloop
 endfacet

 facet normal -0.660180509 7.82868483e-06 -0.751106977
  outer loop
  vertex 0.00339184212 -0.123371333 -0.698445499
  vertex 0.00321925036 -0.119021334 -0.698293746
  vertex 0.00339175854 -0.118998185 -0.69844538
  endloop
 endfacet

 facet normal -0.746822536 3.8253811e-06 -0.665023386
  outer loop
  vertex 0.00339184212 -0.123371333 -0.698445499
  vertex 0.00339175854 -0.118998185 -0.69844538
  vertex 0.00405051885 -0.123371303 -0.699185193
  endloop
 endfacet

 facet normal -0.705915511 0.0134649454 -0.708168089
  outer loop
  vertex 0.00405051885 -0.123371303 -0.699185193
  vertex 0.00339175854 -0.118998185 -0.69844538
  vertex 0.00363844214 -0.118867256 -0.698688745
  endloop
 endfacet

 facet normal -0.84594363 -0.0186580382 -0.532945871
  outer loop
  vertex 0.00405051885 -0.123371303 -0.699185193
  vertex 0.00363844214 -0.118867256 -0.698688745
  vertex 0.00440280512 -0.123371281 -0.699744344
  endloop
 endfacet

 facet normal -0.764564931 0.0212259199 -0.644197106
  outer loop
  vertex 0.00440280512 -0.123371281 -0.699744344
  vertex 0.00363844214 -0.118867256 -0.698688745
  vertex 0.00388766616 -0.118521236 -0.698973179
  endloop
 endfacet

 facet normal -0.791858852 0.0129793566 -0.610566258
  outer loop
  vertex 0.00440280512 -0.123371281 -0.699744344
  vertex 0.00388766616 -0.118521236 -0.698973179
  vertex 0.00391780538 -0.118446313 -0.69901067
  endloop
 endfacet

 facet normal 0.68935746 -0.01050092 -0.724345267
  outer loop
  vertex -0.00330708805 -0.117296457 -0.698378563
  vertex -0.00339417649 -0.117573708 -0.69845742
  vertex -0.00394047657 -0.11237146 -0.699052751
  endloop
 endfacet

 facet normal 0.712210357 0.00559736555 -0.701943815
  outer loop
  vertex -0.00342357578 -0.117871463 -0.698484898
  vertex -0.00339396042 -0.118170202 -0.698457241
  vertex -0.00394026935 -0.123371452 -0.699053049
  endloop
 endfacet

 facet normal 0.689361453 0.0105627133 -0.724340618
  outer loop
  vertex -0.00394026935 -0.123371452 -0.699053049
  vertex -0.00339396042 -0.118170202 -0.698457241
  vertex -0.0033070629 -0.118446454 -0.698378563
  endloop
 endfacet

 facet normal 0.302592039 0.0016972702 -0.953118682
  outer loop
  vertex -0.00158205954 -0.118446454 -0.697382629
  vertex -0.00147036475 -0.11816971 -0.697346687
  vertex -0.00122199464 -0.123371452 -0.697277129
  endloop
 endfacet

 facet normal 0.330331653 0.00392378587 -0.943856835
  outer loop
  vertex -0.00158205954 -0.118446454 -0.697382629
  vertex -0.00122199464 -0.123371452 -0.697277129
  vertex -0.00175699417 -0.118684478 -0.697444856
  endloop
 endfacet

 facet normal 0.664630055 0.0168431178 -0.746982753
  outer loop
  vertex -0.0033070629 -0.118446454 -0.698378563
  vertex -0.00316563062 -0.11868459 -0.698258102
  vertex -0.00394026935 -0.123371452 -0.699053049
  endloop
 endfacet

 facet normal 0.631298959 0.0271150228 -0.775065422
  outer loop
  vertex -0.00394026935 -0.123371452 -0.699053049
  vertex -0.00316563062 -0.11868459 -0.698258102
  vertex -0.00297603803 -0.118867397 -0.698110104
  endloop
 endfacet

 facet normal 0.695316195 0.00161025138 -0.718702257
  outer loop
  vertex -0.00394026935 -0.123371452 -0.699053049
  vertex -0.00297603803 -0.118867397 -0.698110104
  vertex -0.00293349847 -0.123371467 -0.69807899
  endloop
 endfacet

 facet normal 0.571782649 -0.000257922744 -0.820405126
  outer loop
  vertex -0.00293349847 -0.123371467 -0.69807899
  vertex -0.00297603803 -0.118867397 -0.698110104
  vertex -0.00272939331 -0.118987992 -0.697938144
  endloop
 endfacet

 facet normal 0.567552209 3.32914897e-05 -0.823337436
  outer loop
  vertex -0.00293349847 -0.123371467 -0.69807899
  vertex -0.00272939331 -0.118987992 -0.697938144
  vertex -0.00272930926 -0.123371467 -0.697938263
  endloop
 endfacet

 facet normal 0.523657262 3.32299715e-05 -0.851928949
  outer loop
  vertex -0.00272930926 -0.123371467 -0.697938263
  vertex -0.00272939331 -0.118987992 -0.697938144
  vertex -0.0024946488 -0.11902146 -0.697793841
  endloop
 endfacet

 facet normal 0.431749314 0.00665239524 -0.901969135
  outer loop
  vertex -0.00272930926 -0.123371467 -0.697938263
  vertex -0.0024946488 -0.11902146 -0.697793841
  vertex -0.00153965817 -0.123371452 -0.697368801
  endloop
 endfacet

 facet normal 0.471876323 0.017462682 -0.88149184
  outer loop
  vertex -0.00153965817 -0.123371452 -0.697368801
  vertex -0.0024946488 -0.11902146 -0.697793841
  vertex -0.00223228708 -0.118982218 -0.697652638
  endloop
 endfacet

 facet normal 0.277324647 -0.0183533709 -0.960600972
  outer loop
  vertex -0.00153965817 -0.123371452 -0.697368801
  vertex -0.00223228708 -0.118982218 -0.697652638
  vertex -0.00122199464 -0.123371452 -0.697277129
  endloop
 endfacet

 facet normal 0.415707946 0.0178863294 -0.909322262
  outer loop
  vertex -0.00122199464 -0.123371452 -0.697277129
  vertex -0.00223228708 -0.118982218 -0.697652638
  vertex -0.00198009657 -0.11886739 -0.697535098
  endloop
 endfacet

 facet normal 0.368682951 0.00881480891 -0.929513454
  outer loop
  vertex -0.00122199464 -0.123371452 -0.697277129
  vertex -0.00198009657 -0.11886739 -0.697535098
  vertex -0.00175699417 -0.118684478 -0.697444856
  endloop
 endfacet

 facet normal 0.285768151 -0.000760264695 -0.958298564
  outer loop
  vertex -0.00143171358 -0.117871448 -0.697334945
  vertex -0.00147035683 -0.117573246 -0.697346687
  vertex -0.00122221129 -0.112371445 -0.697276831
  endloop
 endfacet

 facet normal 0.302534521 -0.00162941287 -0.9531371
  outer loop
  vertex -0.00122221129 -0.112371445 -0.697276831
  vertex -0.00147035683 -0.117573246 -0.697346687
  vertex -0.00158208469 -0.117296457 -0.697382629
  endloop
 endfacet

 facet normal 0.330334485 -0.00386015768 -0.94385612
  outer loop
  vertex -0.00122221129 -0.112371445 -0.697276831
  vertex -0.00158208469 -0.117296457 -0.697382629
  vertex -0.00175698509 -0.117058478 -0.697444797
  endloop
 endfacet

 facet normal 0.368676603 -0.00874881726 -0.929516554
  outer loop
  vertex -0.00175698509 -0.117058478 -0.697444797
  vertex -0.00198014011 -0.116875522 -0.697535038
  vertex -0.00122221129 -0.112371445 -0.697276831
  endloop
 endfacet

 facet normal 0.415690124 -0.0178172886 -0.909331799
  outer loop
  vertex -0.00122221129 -0.112371445 -0.697276831
  vertex -0.00198014011 -0.116875522 -0.697535038
  vertex -0.00223213132 -0.116760753 -0.697652459
  endloop
 endfacet

 facet normal 0.277364194 0.0183965228 -0.960588694
  outer loop
  vertex -0.00122221129 -0.112371445 -0.697276831
  vertex -0.00223213132 -0.116760753 -0.697652459
  vertex -0.00153986563 -0.112371445 -0.697368503
  endloop
 endfacet

 facet normal 0.471853971 -0.017393684 -0.881505132
  outer loop
  vertex -0.00153986563 -0.112371445 -0.697368503
  vertex -0.00223213132 -0.116760753 -0.697652459
  vertex -0.00249469909 -0.116721466 -0.697793782
  endloop
 endfacet

 facet normal 0.431749582 -0.00659006601 -0.901969433
  outer loop
  vertex -0.00153986563 -0.112371445 -0.697368503
  vertex -0.00249469909 -0.116721466 -0.697793782
  vertex -0.00272951671 -0.11237146 -0.697937965
  endloop
 endfacet

 facet normal 0.52365762 2.98501436e-05 -0.85192883
  outer loop
  vertex -0.00272951671 -0.11237146 -0.697937965
  vertex -0.00249469909 -0.116721466 -0.697793782
  vertex -0.00272944197 -0.116754934 -0.697938085
  endloop
 endfacet

 facet normal 0.567549527 2.98972227e-05 -0.823339283
  outer loop
  vertex -0.00272951671 -0.11237146 -0.697937965
  vertex -0.00272944197 -0.116754934 -0.697938085
  vertex -0.00293369405 -0.11237146 -0.698078752
  endloop
 endfacet

 facet normal 0.571781635 0.000321209634 -0.8204059
  outer loop
  vertex -0.00293369405 -0.11237146 -0.698078752
  vertex -0.00272944197 -0.116754934 -0.697938085
  vertex -0.00297606969 -0.116875529 -0.698110044
  endloop
 endfacet

 facet normal 0.695315361 -0.00154773123 -0.718703151
  outer loop
  vertex -0.00293369405 -0.11237146 -0.698078752
  vertex -0.00297606969 -0.116875529 -0.698110044
  vertex -0.00394047657 -0.11237146 -0.699052751
  endloop
 endfacet

 facet normal 0.631299913 -0.0270518288 -0.775066853
  outer loop
  vertex -0.00394047657 -0.11237146 -0.699052751
  vertex -0.00297606969 -0.116875529 -0.698110044
  vertex -0.00316554843 -0.117058188 -0.698257983
  endloop
 endfacet

 facet normal 0.664607525 -0.0167857446 -0.747004032
  outer loop
  vertex -0.00394047657 -0.11237146 -0.699052751
  vertex -0.00316554843 -0.117058188 -0.698257983
  vertex -0.00330708805 -0.117296457 -0.698378563
  endloop
 endfacet

 facet normal -0.445931882 -0.00106210064 -0.895066261
  outer loop
  vertex 0.00228809239 -0.117573395 -0.697675467
  vertex 0.002252148 -0.117871374 -0.697657228
  vertex 0.00201370963 -0.112371378 -0.697544932
  endloop
 endfacet

 facet normal -0.425672144 1.64736648e-05 -0.904877424
  outer loop
  vertex 0.00201370963 -0.112371378 -0.697544932
  vertex 0.002252148 -0.117871374 -0.697657228
  vertex 0.00201390544 -0.123371385 -0.69754523
  endloop
 endfacet

 facet normal -0.355784476 1.85058907e-05 -0.934568048
  outer loop
  vertex 0.00201370963 -0.112371378 -0.697544932
  vertex 0.00201390544 -0.123371385 -0.69754523
  vertex 0.00155031099 -0.112371393 -0.697368503
  endloop
 endfacet

 facet normal -0.355808467 1.73493227e-05 -0.934558988
  outer loop
  vertex 0.00155031099 -0.112371393 -0.697368503
  vertex 0.00201390544 -0.123371385 -0.69754523
  vertex 0.00155051856 -0.123371385 -0.697368801
  endloop
 endfacet

 facet normal -0.197115257 2.15220225e-05 -0.980380297
  outer loop
  vertex 0.00155031099 -0.112371393 -0.697368503
  vertex 0.00155051856 -0.123371385 -0.697368801
  vertex 0.000418113952 -0.112371422 -0.697140872
  endloop
 endfacet

 facet normal -0.197112516 2.18177629e-05 -0.980380952
  outer loop
  vertex 0.000418113952 -0.112371422 -0.697140872
  vertex 0.00155051856 -0.123371385 -0.697368801
  vertex 0.000418330543 -0.123371415 -0.697141171
  endloop
 endfacet

 facet normal -0.0413392745 2.59793778e-05 -0.99914521
  outer loop
  vertex 0.000418113952 -0.112371422 -0.697140872
  vertex 0.000418330543 -0.123371415 -0.697141171
  vertex 5.22255641e-06 -0.112371437 -0.697123826
  endloop
 endfacet

 facet normal -0.0413392745 2.59793778e-05 -0.99914521
  outer loop
  vertex 5.22255641e-06 -0.112371437 -0.697123826
  vertex 0.000418330543 -0.123371415 -0.697141171
  vertex 5.43913984e-06 -0.12337143 -0.697124124
  endloop
 endfacet

 facet normal 0.123696342 2.90458083e-05 -0.99232018
  outer loop
  vertex 5.22255641e-06 -0.112371437 -0.697123826
  vertex 5.43913984e-06 -0.12337143 -0.697124124
  vertex -0.00122221129 -0.112371445 -0.697276831
  endloop
 endfacet

 facet normal 0.123696342 2.90458083e-05 -0.99232018
  outer loop
  vertex -0.00122221129 -0.112371445 -0.697276831
  vertex 5.43913984e-06 -0.12337143 -0.697124124
  vertex -0.00122199464 -0.123371452 -0.697277129
  endloop
 endfacet

 facet normal 0.26652652 3.10939868e-05 -0.96382761
  outer loop
  vertex -0.00122221129 -0.112371445 -0.697276831
  vertex -0.00122199464 -0.123371452 -0.697277129
  vertex -0.00143171358 -0.117871448 -0.697334945
  endloop
 endfacet

 facet normal 0.285599947 0.000815974723 -0.958348632
  outer loop
  vertex -0.00143171358 -0.117871448 -0.697334945
  vertex -0.00122199464 -0.123371452 -0.697277129
  vertex -0.00147036475 -0.11816971 -0.697346687
  endloop
 endfacet

 facet normal 0.712353706 -0.00550592924 -0.701799154
  outer loop
  vertex -0.00339417649 -0.117573708 -0.69845742
  vertex -0.00342357578 -0.117871463 -0.698484898
  vertex -0.00394047657 -0.11237146 -0.699052751
  endloop
 endfacet

 facet normal 0.739639163 3.1276315e-05 -0.673003674
  outer loop
  vertex -0.00394047657 -0.11237146 -0.699052751
  vertex -0.00342357578 -0.117871463 -0.698484898
  vertex -0.00394026935 -0.123371452 -0.699053049
  endloop
 endfacet

 facet normal 0.799217343 3.05473513e-05 -0.601042211
  outer loop
  vertex -0.00394047657 -0.11237146 -0.699052751
  vertex -0.00394026935 -0.123371452 -0.699053049
  vertex -0.00403985195 -0.112371452 -0.699184895
  endloop
 endfacet

 facet normal 0.799217343 3.05473513e-05 -0.601042211
  outer loop
  vertex -0.00403985195 -0.112371452 -0.699184895
  vertex -0.00394026935 -0.123371452 -0.699053049
  vertex -0.00403964473 -0.123371445 -0.699185193
  endloop
 endfacet

 facet normal 0.887222171 2.8610626e-05 -0.461342514
  outer loop
  vertex -0.00403985195 -0.112371452 -0.699184895
  vertex -0.00403964473 -0.123371445 -0.699185193
  vertex -0.00472385343 -0.112371437 -0.700500309
  endloop
 endfacet

 facet normal 0.887222171 2.8610626e-05 -0.461342514
  outer loop
  vertex -0.00472385343 -0.112371437 -0.700500309
  vertex -0.00403964473 -0.123371445 -0.699185193
  vertex -0.00472364575 -0.12337143 -0.700500607
  endloop
 endfacet

 facet normal 0.948440015 2.60480429e-05 -0.316956818
  outer loop
  vertex -0.00472385343 -0.112371437 -0.700500309
  vertex -0.00472364575 -0.12337143 -0.700500607
  vertex -0.00475005852 -0.112371437 -0.700578749
  endloop
 endfacet

 facet normal 0.948440015 2.60480429e-05 -0.316956818
  outer loop
  vertex -0.00475005852 -0.112371437 -0.700578749
  vertex -0.00472364575 -0.12337143 -0.700500607
  vertex -0.00474985084 -0.12337143 -0.700578988
  endloop
 endfacet

 facet normal 0.987688959 2.26555876e-05 -0.156431004
  outer loop
  vertex -0.00475005852 -0.112371437 -0.700578749
  vertex -0.00474985084 -0.12337143 -0.700578988
  vertex -0.00499476958 -0.112371385 -0.702123821
  endloop
 endfacet

 facet normal 0.987688959 2.26555912e-05 -0.156431004
  outer loop
  vertex -0.00499476958 -0.112371385 -0.702123821
  vertex -0.00474985084 -0.12337143 -0.700578988
  vertex -0.0049945619 -0.123371392 -0.702124119
  endloop
 endfacet

 facet normal 0.987688959 1.4601027e-05 0.156430632
  outer loop
  vertex -0.00499476958 -0.112371385 -0.702123821
  vertex -0.0049945619 -0.123371392 -0.702124119
  vertex -0.00475005619 -0.11237134 -0.703668892
  endloop
 endfacet

 facet normal 0.987688959 1.4601027e-05 0.156430632
  outer loop
  vertex -0.00475005619 -0.11237134 -0.703668892
  vertex -0.0049945619 -0.123371392 -0.702124119
  vertex -0.00474984897 -0.123371348 -0.70366919
  endloop
 endfacet

 facet normal 0.948454916 9.72947873e-06 0.316912442
  outer loop
  vertex -0.00475005619 -0.11237134 -0.703668892
  vertex -0.00474984897 -0.123371348 -0.70366919
  vertex -0.00472386042 -0.11237134 -0.703747332
  endloop
 endfacet

 facet normal 0.948436081 1.01742471e-05 0.316968799
  outer loop
  vertex -0.00472386042 -0.11237134 -0.703747332
  vertex -0.00474984897 -0.123371348 -0.70366919
  vertex -0.00472364388 -0.123371348 -0.703747571
  endloop
 endfacet

 facet normal 0.887222052 5.09741494e-06 0.461342663
  outer loop
  vertex -0.00472386042 -0.11237134 -0.703747332
  vertex -0.00472364388 -0.123371348 -0.703747571
  vertex -0.00403985614 -0.112371296 -0.705062747
  endloop
 endfacet

 facet normal 0.887222052 5.09741494e-06 0.461342663
  outer loop
  vertex -0.00403985614 -0.112371296 -0.705062747
  vertex -0.00472364388 -0.123371348 -0.703747571
  vertex -0.00403963961 -0.123371303 -0.705063045
  endloop
 endfacet

 facet normal 0.799180329 -3.83617277e-07 0.601091444
  outer loop
  vertex -0.00403985614 -0.112371296 -0.705062747
  vertex -0.00403963961 -0.123371303 -0.705063045
  vertex -0.00394046959 -0.112371288 -0.70519489
  endloop
 endfacet

 facet normal 0.799180508 -3.89749118e-07 0.601091146
  outer loop
  vertex -0.00394046959 -0.112371288 -0.70519489
  vertex -0.00403963961 -0.123371303 -0.705063045
  vertex -0.0039402619 -0.123371296 -0.705195129
  endloop
 endfacet

 facet normal 0.695318341 -5.3887984e-06 0.718701899
  outer loop
  vertex -0.00394046959 -0.112371288 -0.70519489
  vertex -0.0039402619 -0.123371296 -0.705195129
  vertex -0.00293369452 -0.112371258 -0.70616889
  endloop
 endfacet

 facet normal 0.695318699 -5.45334024e-06 0.718701541
  outer loop
  vertex -0.00293369452 -0.112371258 -0.70616889
  vertex -0.0039402619 -0.123371296 -0.705195129
  vertex -0.00293347798 -0.123371251 -0.706169188
  endloop
 endfacet

 facet normal 0.567551911 -1.09040575e-05 0.823337674
  outer loop
  vertex -0.00293369452 -0.112371258 -0.70616889
  vertex -0.00293347798 -0.123371251 -0.706169188
  vertex -0.00272950437 -0.112371251 -0.706309617
  endloop
 endfacet

 facet normal 0.567536891 -1.04929195e-05 0.823348045
  outer loop
  vertex -0.00272950437 -0.112371251 -0.706309617
  vertex -0.00293347798 -0.123371251 -0.706169188
  vertex -0.00272929692 -0.123371243 -0.706309915
  endloop
 endfacet

 facet normal 0.431757569 -1.5078399e-05 0.901989698
  outer loop
  vertex -0.00272950437 -0.112371251 -0.706309617
  vertex -0.00272929692 -0.123371243 -0.706309915
  vertex -0.00153985585 -0.112371206 -0.706879079
  endloop
 endfacet

 facet normal 0.431757569 -1.5078399e-05 0.901989698
  outer loop
  vertex -0.00153985585 -0.112371206 -0.706879079
  vertex -0.00272929692 -0.123371243 -0.706309915
  vertex -0.00153964839 -0.123371199 -0.706879377
  endloop
 endfacet

 facet normal 0.277383596 -1.9502977e-05 0.960759282
  outer loop
  vertex -0.00153985585 -0.112371206 -0.706879079
  vertex -0.00153964839 -0.123371199 -0.706879377
  vertex -0.00122218777 -0.112371199 -0.706970811
  endloop
 endfacet

 facet normal 0.277383596 -1.9502977e-05 0.960759282
  outer loop
  vertex -0.00122218777 -0.112371199 -0.706970811
  vertex -0.00153964839 -0.123371199 -0.706879377
  vertex -0.0012219802 -0.123371191 -0.706971109
  endloop
 endfacet

 facet normal 0.123683751 -2.32144048e-05 0.99232173
  outer loop
  vertex -0.00122218777 -0.112371199 -0.706970811
  vertex -0.0012219802 -0.123371191 -0.706971109
  vertex 5.23527524e-06 -0.112371169 -0.707123816
  endloop
 endfacet

 facet normal 0.123686567 -2.35345633e-05 0.992321372
  outer loop
  vertex 5.23527524e-06 -0.112371169 -0.707123816
  vertex -0.0012219802 -0.123371191 -0.706971109
  vertex 5.45185912e-06 -0.123371176 -0.707124114
  endloop
 endfacet

 facet normal -0.0413031951 -2.76065985e-05 0.9991467
  outer loop
  vertex 5.23527524e-06 -0.112371169 -0.707123816
  vertex 5.45185912e-06 -0.123371176 -0.707124114
  vertex 0.000418118958 -0.112371162 -0.707106709
  endloop
 endfacet

 facet normal -0.0413031951 -2.76065985e-05 0.9991467
  outer loop
  vertex 0.000418118958 -0.112371162 -0.707106709
  vertex 5.45185912e-06 -0.123371176 -0.707124114
  vertex 0.000418335549 -0.123371169 -0.707107008
  endloop
 endfacet

 facet normal -0.197111592 -3.0171148e-05 0.980381012
  outer loop
  vertex 0.000418118958 -0.112371162 -0.707106709
  vertex 0.000418335549 -0.123371169 -0.707107008
  vertex 0.00155032077 -0.112371139 -0.706879079
  endloop
 endfacet

 facet normal -0.197122961 -2.89575091e-05 0.980378807
  outer loop
  vertex 0.00155032077 -0.112371139 -0.706879079
  vertex 0.000418335549 -0.123371169 -0.707107008
  vertex 0.00155052822 -0.123371147 -0.706879377
  endloop
 endfacet

 facet normal -0.35579583 -3.07706578e-05 0.934563756
  outer loop
  vertex 0.00155032077 -0.112371139 -0.706879079
  vertex 0.00155052822 -0.123371147 -0.706879377
  vertex 0.00201370544 -0.112371132 -0.706702709
  endloop
 endfacet

 facet normal -0.35579583 -3.07706578e-05 0.934563756
  outer loop
  vertex 0.00201370544 -0.112371132 -0.706702709
  vertex 0.00155052822 -0.123371147 -0.706879377
  vertex 0.00201391289 -0.123371139 -0.706702948
  endloop
 endfacet

 facet normal -0.497618318 -3.17162849e-05 0.867396116
  outer loop
  vertex 0.00201370544 -0.112371132 -0.706702709
  vertex 0.00201391289 -0.123371139 -0.706702948
  vertex 0.00294416095 -0.112371139 -0.70616889
  endloop
 endfacet

 facet normal -0.497618318 -3.17162849e-05 0.867396116
  outer loop
  vertex 0.00294416095 -0.112371139 -0.70616889
  vertex 0.00201391289 -0.123371139 -0.706702948
  vertex 0.0029443684 -0.123371132 -0.706169188
  endloop
 endfacet

 facet normal -0.633601785 -3.18677594e-05 0.773659408
  outer loop
  vertex 0.00294416095 -0.112371139 -0.70616889
  vertex 0.0029443684 -0.123371132 -0.706169188
  vertex 0.00339163584 -0.112371139 -0.705802441
  endloop
 endfacet

 facet normal -0.633581877 -3.32219352e-05 0.77367568
  outer loop
  vertex 0.00339163584 -0.112371139 -0.705802441
  vertex 0.0029443684 -0.123371132 -0.706169188
  vertex 0.00339185237 -0.123371132 -0.705802739
  endloop
 endfacet

 facet normal -0.7468189 -3.25379733e-05 0.665027499
  outer loop
  vertex 0.00339163584 -0.112371139 -0.705802441
  vertex 0.00339185237 -0.123371132 -0.705802739
  vertex 0.00405031908 -0.112371147 -0.705062747
  endloop
 endfacet

 facet normal -0.746828675 -3.12062803e-05 0.665016472
  outer loop
  vertex 0.00405031908 -0.112371147 -0.705062747
  vertex 0.00339185237 -0.123371132 -0.705802739
  vertex 0.0040505263 -0.123371139 -0.705062985
  endloop
 endfacet

 facet normal -0.846093774 -2.96806138e-05 0.533034146
  outer loop
  vertex 0.00405031908 -0.112371147 -0.705062747
  vertex 0.0040505263 -0.123371139 -0.705062985
  vertex 0.00440259976 -0.112371154 -0.704503536
  endloop
 endfacet

 facet normal -0.846093774 -2.96806138e-05 0.533034146
  outer loop
  vertex 0.00440259976 -0.112371154 -0.704503536
  vertex 0.0040505263 -0.123371139 -0.705062985
  vertex 0.00440280698 -0.123371162 -0.704503834
  endloop
 endfacet

 facet normal -0.919062436 -2.74803224e-05 0.394112229
  outer loop
  vertex 0.00440259976 -0.112371154 -0.704503536
  vertex 0.00440280698 -0.123371162 -0.704503834
  vertex 0.00476051355 -0.112371162 -0.703668892
  endloop
 endfacet

 facet normal -0.919062436 -2.74803224e-05 0.394112229
  outer loop
  vertex 0.00476051355 -0.112371162 -0.703668892
  vertex 0.00440280698 -0.123371162 -0.704503834
  vertex 0.00476072123 -0.123371169 -0.70366919
  endloop
 endfacet

 facet normal -0.971398234 -2.44343282e-05 0.237456545
  outer loop
  vertex 0.00476051355 -0.112371162 -0.703668892
  vertex 0.00476072123 -0.123371169 -0.70366919
  vertex 0.00493703457 -0.112371176 -0.702946782
  endloop
 endfacet

 facet normal -0.971398234 -2.44343282e-05 0.237456545
  outer loop
  vertex 0.00493703457 -0.112371176 -0.702946782
  vertex 0.00476072123 -0.123371169 -0.70366919
  vertex 0.00493724179 -0.123371184 -0.70294708
  endloop
 endfacet

 facet normal -0.996584654 -2.09220325e-05 0.0825777799
  outer loop
  vertex 0.00493703457 -0.112371176 -0.702946782
  vertex 0.00493724179 -0.123371184 -0.70294708
  vertex 0.0050052274 -0.112371199 -0.702123821
  endloop
 endfacet

 facet normal -0.996583641 -2.18369078e-05 0.0825899243
  outer loop
  vertex 0.0050052274 -0.112371199 -0.702123821
  vertex 0.00493724179 -0.123371184 -0.70294708
  vertex 0.00500544393 -0.123371206 -0.702124119
  endloop
 endfacet

 facet normal -0.996584058 -1.74075431e-05 -0.0825851113
  outer loop
  vertex 0.0050052274 -0.112371199 -0.702123821
  vertex 0.00500544393 -0.123371206 -0.702124119
  vertex 0.00493702944 -0.112371221 -0.7013008
  endloop
 endfacet

 facet normal -0.996584058 -1.74075431e-05 -0.0825851113
  outer loop
  vertex 0.00493702944 -0.112371221 -0.7013008
  vertex 0.00500544393 -0.123371206 -0.702124119
  vertex 0.00493724644 -0.123371229 -0.701301098
  endloop
 endfacet

 facet normal -0.971398354 -1.2758599e-05 -0.237455875
  outer loop
  vertex 0.00493702944 -0.112371221 -0.7013008
  vertex 0.00493724644 -0.123371229 -0.701301098
  vertex 0.00476051122 -0.112371244 -0.70057869
  endloop
 endfacet

 facet normal -0.971397758 -1.25749193e-05 -0.237458512
  outer loop
  vertex 0.00476051122 -0.112371244 -0.70057869
  vertex 0.00493724644 -0.123371229 -0.701301098
  vertex 0.0047607189 -0.123371251 -0.700578988
  endloop
 endfacet

 facet normal -0.91906178 -7.18757701e-06 -0.394113749
  outer loop
  vertex 0.00476051122 -0.112371244 -0.70057869
  vertex 0.0047607189 -0.123371251 -0.700578988
  vertex 0.0044025979 -0.112371273 -0.699744046
  endloop
 endfacet

 facet normal -0.91906178 -7.18757701e-06 -0.394113749
  outer loop
  vertex 0.0044025979 -0.112371273 -0.699744046
  vertex 0.0047607189 -0.123371251 -0.700578988
  vertex 0.00440280512 -0.123371281 -0.699744344
  endloop
 endfacet

 facet normal -0.842806101 -2.03943682e-06 -0.538217306
  outer loop
  vertex 0.0044025979 -0.112371273 -0.699744046
  vertex 0.00440280512 -0.123371281 -0.699744344
  vertex 0.00401404686 -0.117871299 -0.699135602
  endloop
 endfacet

 facet normal -0.821389318 0.0050677713 -0.570345521
  outer loop
  vertex 0.00401404686 -0.117871299 -0.699135602
  vertex 0.00440280512 -0.123371281 -0.699744344
  vertex 0.0039898362 -0.118169248 -0.699103415
  endloop
 endfacet

 facet normal 6.58422209e-07 -2.59647131e-05 1
  outer loop
  vertex 0.000533148297 -0.121871635 -0.689234078
  vertex 0.00150539412 -0.121871613 -0.689234078
  vertex 0.000533006329 -0.113871634 -0.689233899
  endloop
 endfacet

 facet normal 6.58422209e-07 -2.59647131e-05 1
  outer loop
  vertex 0.000533006329 -0.113871634 -0.689233899
  vertex 0.00150539412 -0.121871613 -0.689234078
  vertex 0.00150525221 -0.113871612 -0.689233899
  endloop
 endfacet

 facet normal -0.545401096 0.00915218797 -0.838125229
  outer loop
  vertex 0.00290959352 -0.117871381 -0.696873665
  vertex 0.00294444384 -0.11757376 -0.696893096
  vertex 0.00363712129 -0.117948391 -0.697347939
  endloop
 endfacet

 facet normal -0.540813804 0.0209794305 -0.840880752
  outer loop
  vertex 0.00363712129 -0.117948391 -0.697347939
  vertex 0.00294444384 -0.11757376 -0.696893096
  vertex 0.00304560759 -0.117296368 -0.69695127
  endloop
 endfacet

 facet normal -0.541599393 0.0199738927 -0.840399444
  outer loop
  vertex 0.00363712129 -0.117948391 -0.697347939
  vertex 0.00304560759 -0.117296368 -0.69695127
  vertex 0.0032036237 -0.117058091 -0.697047412
  endloop
 endfacet

 facet normal -0.585463285 -0.000214066109 -0.810698986
  outer loop
  vertex 0.00362934754 -0.118982174 -0.697342098
  vertex 0.00340384711 -0.118867293 -0.697179258
  vertex 0.00363712129 -0.117948391 -0.697347939
  endloop
 endfacet

 facet normal -0.55683434 -0.0111262305 -0.830549121
  outer loop
  vertex 0.00363712129 -0.117948391 -0.697347939
  vertex 0.00340384711 -0.118867293 -0.697179258
  vertex 0.00320349075 -0.118684463 -0.697047353
  endloop
 endfacet

 facet normal -0.543936849 -0.0221078433 -0.838834941
  outer loop
  vertex 0.00320349075 -0.118684463 -0.697047353
  vertex 0.00304563274 -0.11844638 -0.69695127
  vertex 0.00363712129 -0.117948391 -0.697347939
  endloop
 endfacet

 facet normal -0.543718994 -0.0224714037 -0.838966489
  outer loop
  vertex 0.00363712129 -0.117948391 -0.697347939
  vertex 0.00304563274 -0.11844638 -0.69695127
  vertex 0.00294473348 -0.118170224 -0.696893275
  endloop
 endfacet

 facet normal -0.546775579 -0.00936548971 -0.837226808
  outer loop
  vertex 0.00363712129 -0.117948391 -0.697347939
  vertex 0.00294473348 -0.118170224 -0.696893275
  vertex 0.00290959352 -0.117871381 -0.696873665
  endloop
 endfacet

 facet normal -0.55603683 0.00980495848 -0.831099868
  outer loop
  vertex 0.0032036237 -0.117058091 -0.697047412
  vertex 0.0034038038 -0.116875425 -0.697179198
  vertex 0.00363712129 -0.117948391 -0.697347939
  endloop
 endfacet

 facet normal -0.585396945 0.00021939729 -0.810746849
  outer loop
  vertex 0.00363712129 -0.117948391 -0.697347939
  vertex 0.0034038038 -0.116875425 -0.697179198
  vertex 0.00362882554 -0.116760693 -0.697341621
  endloop
 endfacet

 facet normal -0.624017894 -0.000206249417 -0.781410098
  outer loop
  vertex 0.00363712129 -0.117948391 -0.697347939
  vertex 0.00362882554 -0.116760693 -0.697341621
  vertex 0.00386779406 -0.116721377 -0.697532475
  endloop
 endfacet

 facet normal -0.725875199 -0.0285259001 -0.6872347
  outer loop
  vertex 0.00457149092 -0.118446313 -0.698231637
  vertex 0.00444951653 -0.118684351 -0.698092937
  vertex 0.00397637812 -0.117891468 -0.697626054
  endloop
 endfacet

 facet normal -0.717441499 -0.0181067493 -0.696383417
  outer loop
  vertex 0.00444951653 -0.118684351 -0.698092937
  vertex 0.00428480096 -0.118867256 -0.697918475
  vertex 0.00397637812 -0.117891468 -0.697626054
  endloop
 endfacet

 facet normal -0.695609748 -0.00460780598 -0.718405128
  outer loop
  vertex 0.00397637812 -0.117891468 -0.697626054
  vertex 0.00428480096 -0.118867256 -0.697918475
  vertex 0.00408797851 -0.118981175 -0.697727144
  endloop
 endfacet

 facet normal -0.661992252 0.00171994278 -0.749508798
  outer loop
  vertex 0.00397637812 -0.117891468 -0.697626054
  vertex 0.00408797851 -0.118981175 -0.697727144
  vertex 0.00386206713 -0.119021341 -0.697527707
  endloop
 endfacet

 facet normal -0.623576641 0.000237316344 -0.781762242
  outer loop
  vertex 0.00362934754 -0.118982174 -0.697342098
  vertex 0.00363712129 -0.117948391 -0.697347939
  vertex 0.00386206713 -0.119021341 -0.697527707
  endloop
 endfacet

 facet normal -0.624466062 -6.81381935e-05 -0.781051993
  outer loop
  vertex 0.00386206713 -0.119021341 -0.697527707
  vertex 0.00363712129 -0.117948391 -0.697347939
  vertex 0.00386779406 -0.116721377 -0.697532475
  endloop
 endfacet

 facet normal -0.652565718 5.02918665e-05 -0.757732153
  outer loop
  vertex 0.00386206713 -0.119021341 -0.697527707
  vertex 0.00386779406 -0.116721377 -0.697532475
  vertex 0.00397637812 -0.117891468 -0.697626054
  endloop
 endfacet

 facet normal -0.662484348 -0.00156266941 -0.749074161
  outer loop
  vertex 0.00397637812 -0.117891468 -0.697626054
  vertex 0.00386779406 -0.116721377 -0.697532475
  vertex 0.0040881685 -0.116761588 -0.697727323
  endloop
 endfacet

 facet normal -0.695689619 0.00447710603 -0.718328595
  outer loop
  vertex 0.00397637812 -0.117891468 -0.697626054
  vertex 0.0040881685 -0.116761588 -0.697727323
  vertex 0.00428475766 -0.116875403 -0.697918415
  endloop
 endfacet

 facet normal -0.717734993 0.0175647549 -0.696094871
  outer loop
  vertex 0.00428475766 -0.116875403 -0.697918415
  vertex 0.0044494723 -0.117058277 -0.698092878
  vertex 0.00397637812 -0.117891468 -0.697626054
  endloop
 endfacet

 facet normal -0.726493776 0.0278526284 -0.686608434
  outer loop
  vertex 0.00397637812 -0.117891468 -0.697626054
  vertex 0.0044494723 -0.117058277 -0.698092878
  vertex 0.00457146578 -0.117296316 -0.698231578
  endloop
 endfacet

 facet normal -0.725708663 0.0261556618 -0.687504768
  outer loop
  vertex 0.00397637812 -0.117891468 -0.697626054
  vertex 0.00457146578 -0.117296316 -0.698231578
  vertex 0.00464624399 -0.117573269 -0.698321044
  endloop
 endfacet

 facet normal -0.722417772 0.0107795177 -0.691372812
  outer loop
  vertex 0.00464624399 -0.117573269 -0.698321044
  vertex 0.00467150146 -0.117871307 -0.698352098
  vertex 0.00397637812 -0.117891468 -0.697626054
  endloop
 endfacet

 facet normal -0.722117305 -0.0108451005 -0.691685677
  outer loop
  vertex 0.00397637812 -0.117891468 -0.697626054
  vertex 0.00467150146 -0.117871307 -0.698352098
  vertex 0.00464622956 -0.118169479 -0.698321044
  endloop
 endfacet

 facet normal -0.725028694 -0.0265574269 -0.688206434
  outer loop
  vertex 0.00397637812 -0.117891468 -0.697626054
  vertex 0.00464622956 -0.118169479 -0.698321044
  vertex 0.00457149092 -0.118446313 -0.698231637
  endloop
 endfacet

 facet normal 0.601046622 0.00921610277 -0.799160898
  outer loop
  vertex -0.00393497664 -0.117871493 -0.697599173
  vertex -0.00390482019 -0.117573857 -0.697573006
  vertex -0.00324048451 -0.117948532 -0.697077692
  endloop
 endfacet

 facet normal 0.605183542 0.0209818799 -0.795809507
  outer loop
  vertex -0.00324048451 -0.117948532 -0.697077692
  vertex -0.00390482019 -0.117573857 -0.697573006
  vertex -0.00381556642 -0.117296487 -0.697497845
  endloop
 endfacet

 facet normal 0.604478538 0.0199986678 -0.796370447
  outer loop
  vertex -0.00324048451 -0.117948532 -0.697077692
  vertex -0.00381556642 -0.117296487 -0.697497845
  vertex -0.00367115648 -0.117058203 -0.697382271
  endloop
 endfacet

 facet normal 0.561585128 -0.000201208197 -0.827418983
  outer loop
  vertex -0.00324868946 -0.118982315 -0.697082996
  vertex -0.00347881881 -0.118867412 -0.69723922
  vertex -0.00324048451 -0.117948532 -0.697077692
  endloop
 endfacet

 facet normal 0.58999598 -0.0111018866 -0.807329893
  outer loop
  vertex -0.00324048451 -0.117948532 -0.697077692
  vertex -0.00347881881 -0.118867412 -0.69723922
  vertex -0.00367126241 -0.11868459 -0.69738239
  endloop
 endfacet

 facet normal 0.602188349 -0.0220794063 -0.798048675
  outer loop
  vertex -0.00367126241 -0.11868459 -0.69738239
  vertex -0.00381555036 -0.118446484 -0.697497845
  vertex -0.00324048451 -0.117948532 -0.697077692
  endloop
 endfacet

 facet normal 0.602395236 -0.0224589929 -0.79788202
  outer loop
  vertex -0.00324048451 -0.117948532 -0.697077692
  vertex -0.00381555036 -0.118446484 -0.697497845
  vertex -0.00390454521 -0.118170336 -0.697572827
  endloop
 endfacet

 facet normal 0.599724948 -0.00939982664 -0.80015099
  outer loop
  vertex -0.00324048451 -0.117948532 -0.697077692
  vertex -0.00390454521 -0.118170336 -0.697572827
  vertex -0.00393497664 -0.117871493 -0.697599173
  endloop
 endfacet

 facet normal 0.59081316 0.00983859692 -0.80674845
  outer loop
  vertex -0.00367115648 -0.117058203 -0.697382271
  vertex -0.00347885047 -0.116875559 -0.697239161
  vertex -0.00324048451 -0.117948532 -0.697077692
  endloop
 endfacet

 facet normal 0.561613202 0.000243681745 -0.827399909
  outer loop
  vertex -0.00324048451 -0.117948532 -0.697077692
  vertex -0.00347885047 -0.116875559 -0.697239161
  vertex -0.00324923662 -0.116760835 -0.697083294
  endloop
 endfacet

 facet normal 0.520867407 -0.000180092335 -0.853637636
  outer loop
  vertex -0.00324048451 -0.117948532 -0.697077692
  vertex -0.00324923662 -0.116760835 -0.697083294
  vertex -0.0029881706 -0.116721511 -0.696924031
  endloop
 endfacet

 facet normal 0.397533834 -0.0284802169 -0.91714555
  outer loop
  vertex -0.00209054979 -0.118446492 -0.69650197
  vertex -0.00226261397 -0.118684508 -0.696569145
  vertex -0.00286310073 -0.11789161 -0.696854055
  endloop
 endfacet

 facet normal 0.408990324 -0.0180841573 -0.912359595
  outer loop
  vertex -0.00226261397 -0.118684508 -0.696569145
  vertex -0.00248287735 -0.11886742 -0.696664274
  vertex -0.00286310073 -0.11789161 -0.696854055
  endloop
 endfacet

 facet normal 0.437110901 -0.00460573426 -0.899395883
  outer loop
  vertex -0.00286310073 -0.11789161 -0.696854055
  vertex -0.00248287735 -0.11886742 -0.696664274
  vertex -0.00272997445 -0.118981332 -0.696783781
  endloop
 endfacet

 facet normal 0.477927059 0.00173483917 -0.878397822
  outer loop
  vertex -0.00286310073 -0.11789161 -0.696854055
  vertex -0.00272997445 -0.118981332 -0.696783781
  vertex -0.00299464515 -0.11902149 -0.696927845
  endloop
 endfacet

 facet normal 0.52133137 0.000251686026 -0.853354216
  outer loop
  vertex -0.00324868946 -0.118982315 -0.697082996
  vertex -0.00324048451 -0.117948532 -0.697077692
  vertex -0.00299464515 -0.11902149 -0.696927845
  endloop
 endfacet

 facet normal 0.520387948 -4.48933824e-05 -0.853929996
  outer loop
  vertex -0.00299464515 -0.11902149 -0.696927845
  vertex -0.00324048451 -0.117948532 -0.697077692
  vertex -0.0029881706 -0.116721511 -0.696924031
  endloop
 endfacet

 facet normal 0.488814712 7.46790465e-05 -0.872387648
  outer loop
  vertex -0.00299464515 -0.11902149 -0.696927845
  vertex -0.0029881706 -0.116721511 -0.696924031
  vertex -0.00286310073 -0.11789161 -0.696854055
  endloop
 endfacet

 facet normal 0.477341145 -0.00153023214 -0.878716707
  outer loop
  vertex -0.00286310073 -0.11789161 -0.696854055
  vertex -0.0029881706 -0.116721511 -0.696924031
  vertex -0.0027297507 -0.116761729 -0.696783543
  endloop
 endfacet

 facet normal 0.437044233 0.00451747887 -0.899428725
  outer loop
  vertex -0.00286310073 -0.11789161 -0.696854055
  vertex -0.0027297507 -0.116761729 -0.696783543
  vertex -0.00248292065 -0.116875552 -0.696664214
  endloop
 endfacet

 facet normal 0.408614248 0.0176044106 -0.912537456
  outer loop
  vertex -0.00248292065 -0.116875552 -0.696664214
  vertex -0.00226264936 -0.117058448 -0.696569085
  vertex -0.00286310073 -0.11789161 -0.696854055
  endloop
 endfacet

 facet normal 0.396747679 0.0278554484 -0.917504966
  outer loop
  vertex -0.00286310073 -0.11789161 -0.696854055
  vertex -0.00226264936 -0.117058448 -0.696569085
  vertex -0.00209056307 -0.117296495 -0.696501911
  endloop
 endfacet

 facet normal 0.397838354 0.0261891447 -0.917081714
  outer loop
  vertex -0.00286310073 -0.11789161 -0.696854055
  vertex -0.00209056307 -0.117296495 -0.696501911
  vertex -0.00198092056 -0.117573448 -0.696462274
  endloop
 endfacet

 facet normal 0.402610362 0.0107735815 -0.915307999
  outer loop
  vertex -0.00198092056 -0.117573448 -0.696462274
  vertex -0.00194313517 -0.117871486 -0.696449161
  vertex -0.00286310073 -0.11789161 -0.696854055
  endloop
 endfacet

 facet normal 0.403005332 -0.010775093 -0.915134311
  outer loop
  vertex -0.00286310073 -0.11789161 -0.696854055
  vertex -0.00194313517 -0.117871486 -0.696449161
  vertex -0.00198095199 -0.118169658 -0.696462274
  endloop
 endfacet

 facet normal 0.398730725 -0.0265212096 -0.916684508
  outer loop
  vertex -0.00286310073 -0.11789161 -0.696854055
  vertex -0.00198095199 -0.118169658 -0.696462274
  vertex -0.00209054979 -0.118446492 -0.69650197
  endloop
 endfacet

 facet normal -0.554700851 -3.13165583e-05 0.832049847
  outer loop
  vertex -0.0050139972 -0.113871679 -0.690913379
  vertex -0.0130417477 -0.113871709 -0.696265221
  vertex -0.00501384307 -0.12187168 -0.690913558
  endloop
 endfacet

 facet normal -0.554700851 -3.13165583e-05 0.832049847
  outer loop
  vertex -0.00501384307 -0.12187168 -0.690913558
  vertex -0.0130417477 -0.113871709 -0.696265221
  vertex -0.0130415941 -0.12187171 -0.696265399
  endloop
 endfacet

 facet normal -1 -2.17580018e-05 -1.6706274e-06
  outer loop
  vertex -0.0244946927 -0.115916692 -0.72124052
  vertex -0.0244947169 -0.114491262 -0.724639237
  vertex -0.0244946722 -0.116786547 -0.721934259
  endloop
 endfacet

 facet normal -1 -2.23786974e-05 -2.19731692e-06
  outer loop
  vertex -0.0244946722 -0.116786547 -0.721934259
  vertex -0.0244947169 -0.114491262 -0.724639237
  vertex -0.0244946759 -0.116102628 -0.725415289
  endloop
 endfacet

 facet normal -1 -1.02671247e-05 -6.27215513e-07
  outer loop
  vertex -0.0244946722 -0.116786547 -0.721934259
  vertex -0.0244946759 -0.116102628 -0.725415289
  vertex -0.024494661 -0.11787124 -0.722181857
  endloop
 endfacet

 facet normal -1 -1.96033561e-05 -4.37227482e-06
  outer loop
  vertex -0.0244946349 -0.118956074 -0.717429459
  vertex -0.0244946145 -0.119825922 -0.718123198
  vertex -0.0244945846 -0.121952467 -0.715283692
  endloop
 endfacet

 facet normal -1 -1.13416918e-05 -1.21498465e-06
  outer loop
  vertex -0.0244946759 -0.116102628 -0.725415289
  vertex -0.0244946517 -0.11787115 -0.725681841
  vertex -0.024494661 -0.11787124 -0.722181857
  endloop
 endfacet

 facet normal -1 -1.40372094e-05 -1.80279449e-06
  outer loop
  vertex -0.024494661 -0.11787124 -0.722181857
  vertex -0.0244946517 -0.11787115 -0.725681841
  vertex -0.02449462 -0.119639687 -0.725415349
  endloop
 endfacet

 facet normal -1 -2.25261319e-05 -1.08657943e-07
  outer loop
  vertex -0.024494661 -0.11787124 -0.722181857
  vertex -0.02449462 -0.119639687 -0.725415349
  vertex -0.0244946331 -0.118955962 -0.721934319
  endloop
 endfacet

 facet normal -1 -2.05069628e-05 -5.05252842e-07
  outer loop
  vertex -0.0244946331 -0.118955962 -0.721934319
  vertex -0.02449462 -0.119639687 -0.725415349
  vertex -0.0244945902 -0.121251099 -0.724639416
  endloop
 endfacet

 facet normal -1 -2.03907894e-05 8.36861176e-08
  outer loop
  vertex -0.0244946331 -0.118955962 -0.721934319
  vertex -0.0244945902 -0.121251099 -0.724639416
  vertex -0.0244946182 -0.119825847 -0.72124064
  endloop
 endfacet

 facet normal -1 -1.98289563e-05 2.19597894e-07
  outer loop
  vertex -0.0244946182 -0.119825847 -0.72124064
  vertex -0.0244945902 -0.121251099 -0.724639416
  vertex -0.0244945586 -0.1225622 -0.723422945
  endloop
 endfacet

 facet normal -1 -2.01046969e-05 -7.2949058e-07
  outer loop
  vertex -0.0244946182 -0.119825847 -0.72124064
  vertex -0.0244945586 -0.1225622 -0.723422945
  vertex -0.0244946126 -0.120308608 -0.720238209
  endloop
 endfacet

 facet normal -1 -2.04158387e-05 2.70441842e-06
  outer loop
  vertex -0.0244946945 -0.115434006 -0.719125509
  vertex -0.0244947691 -0.111888073 -0.720130086
  vertex -0.0244946983 -0.115433976 -0.72023809
  endloop
 endfacet

 facet normal -1 -2.04104435e-05 2.52731706e-06
  outer loop
  vertex -0.0244946983 -0.115433976 -0.72023809
  vertex -0.0244947691 -0.111888073 -0.720130086
  vertex -0.0244947653 -0.112286009 -0.72187376
  endloop
 endfacet

 facet normal -1 -2.08578331e-05 1.06896857e-06
  outer loop
  vertex -0.0244946983 -0.115433976 -0.72023809
  vertex -0.0244947653 -0.112286009 -0.72187376
  vertex -0.0244946927 -0.115916692 -0.72124052
  endloop
 endfacet

 facet normal -1 -2.06341265e-05 1.06264667e-06
  outer loop
  vertex -0.0244946927 -0.115916692 -0.72124052
  vertex -0.0244947653 -0.112286009 -0.72187376
  vertex -0.0244947523 -0.11318022 -0.723422706
  endloop
 endfacet

 facet normal -1 -2.10869093e-05 -2.18600618e-07
  outer loop
  vertex -0.0244946927 -0.115916692 -0.72124052
  vertex -0.0244947523 -0.11318022 -0.723422706
  vertex -0.0244947169 -0.114491262 -0.724639237
  endloop
 endfacet

 facet normal -1 -1.87553142e-05 -3.18806883e-06
  outer loop
  vertex -0.0244945846 -0.121952467 -0.715283692
  vertex -0.0244946107 -0.120474756 -0.714276135
  vertex -0.0244946349 -0.118956074 -0.717429459
  endloop
 endfacet

 facet normal -1 -1.70186649e-05 -1.57589989e-06
  outer loop
  vertex -0.0244946349 -0.118956074 -0.717429459
  vertex -0.0244946107 -0.120474756 -0.714276135
  vertex -0.0244946349 -0.118765712 -0.713748932
  endloop
 endfacet

 facet normal -1 -2.99718959e-05 1.26995428e-06
  outer loop
  vertex -0.0244946349 -0.118956074 -0.717429459
  vertex -0.0244946349 -0.118765712 -0.713748932
  vertex -0.0244946666 -0.117871381 -0.717181861
  endloop
 endfacet

 facet normal -1 -1.66915488e-05 -4.90860384e-06
  outer loop
  vertex -0.0244945586 -0.1225622 -0.723422945
  vertex -0.0244945548 -0.1234565 -0.721874058
  vertex -0.0244946126 -0.120308608 -0.720238209
  endloop
 endfacet

 facet normal -1 -1.82154672e-05 -1.97606823e-06
  outer loop
  vertex -0.0244946126 -0.120308608 -0.720238209
  vertex -0.0244945548 -0.1234565 -0.721874058
  vertex -0.0244945418 -0.123854525 -0.720130384
  endloop
 endfacet

 facet normal -1 -1.97417394e-05 8.78925221e-07
  outer loop
  vertex -0.0244946126 -0.120308608 -0.720238209
  vertex -0.0244945418 -0.123854525 -0.720130384
  vertex -0.0244946089 -0.120308638 -0.719125628
  endloop
 endfacet

 facet normal -1 -1.96925575e-05 1.96960036e-06
  outer loop
  vertex -0.0244946089 -0.120308638 -0.719125628
  vertex -0.0244945418 -0.123854525 -0.720130384
  vertex -0.0244945437 -0.123720907 -0.718346894
  endloop
 endfacet

 facet normal -1 -1.95876619e-05 -4.66844256e-07
  outer loop
  vertex -0.0244946089 -0.120308638 -0.719125628
  vertex -0.0244945437 -0.123720907 -0.718346894
  vertex -0.0244946145 -0.119825922 -0.718123198
  endloop
 endfacet

 facet normal -1 -1.90428109e-05 -1.68937891e-06
  outer loop
  vertex -0.0244946145 -0.119825922 -0.718123198
  vertex -0.0244945437 -0.123720907 -0.718346894
  vertex -0.0244945567 -0.123067543 -0.716682017
  endloop
 endfacet

 facet normal -1 -1.91657582e-05 -3.23590734e-06
  outer loop
  vertex -0.0244946145 -0.119825922 -0.718123198
  vertex -0.0244945567 -0.123067543 -0.716682017
  vertex -0.0244945846 -0.121952467 -0.715283692
  endloop
 endfacet

 facet normal -1 -1.89773946e-05 -7.40823793e-07
  outer loop
  vertex -0.024494689 -0.115916766 -0.718123078
  vertex -0.0244947504 -0.112675235 -0.716681719
  vertex -0.0244946945 -0.115434006 -0.719125509
  endloop
 endfacet

 facet normal -1 -2.11179395e-05 1.67563371e-06
  outer loop
  vertex -0.0244946945 -0.115434006 -0.719125509
  vertex -0.0244947504 -0.112675235 -0.716681719
  vertex -0.0244947746 -0.112021782 -0.718346596
  endloop
 endfacet

 facet normal -1 -2.18371624e-05 3.39825488e-06
  outer loop
  vertex -0.0244946945 -0.115434006 -0.719125509
  vertex -0.0244947746 -0.112021782 -0.718346596
  vertex -0.0244947691 -0.111888073 -0.720130086
  endloop
 endfacet

 facet normal -1 -2.70138007e-05 2.04058028e-06
  outer loop
  vertex -0.0244946349 -0.118765712 -0.713748932
  vertex -0.0244946536 -0.117871463 -0.713681877
  vertex -0.0244946666 -0.117871381 -0.717181861
  endloop
 endfacet

 facet normal -1 -2.45455449e-05 2.81119401e-06
  outer loop
  vertex -0.0244946666 -0.117871381 -0.717181861
  vertex -0.0244946536 -0.117871463 -0.713681877
  vertex -0.0244946741 -0.116977215 -0.713748872
  endloop
 endfacet

 facet normal -1 -5.75843933e-06 -7.9620412e-07
  outer loop
  vertex -0.0244946666 -0.117871381 -0.717181861
  vertex -0.0244946741 -0.116977215 -0.713748872
  vertex -0.0244946722 -0.116786659 -0.717429399
  endloop
 endfacet

 facet normal -1 -2.28822446e-05 6.66398918e-08
  outer loop
  vertex -0.0244946722 -0.116786659 -0.717429399
  vertex -0.0244946741 -0.116977215 -0.713748872
  vertex -0.0244947132 -0.115268141 -0.714276016
  endloop
 endfacet

 facet normal -1 -2.14459251e-05 -1.94844006e-06
  outer loop
  vertex -0.0244946722 -0.116786659 -0.717429399
  vertex -0.0244947132 -0.115268141 -0.714276016
  vertex -0.024494689 -0.115916766 -0.718123078
  endloop
 endfacet

 facet normal -1 -1.86531306e-05 -2.73463911e-06
  outer loop
  vertex -0.024494689 -0.115916766 -0.718123078
  vertex -0.0244947132 -0.115268141 -0.714276016
  vertex -0.0244947299 -0.113790385 -0.715283453
  endloop
 endfacet

 facet normal -1 -1.70592539e-05 -2.99214116e-06
  outer loop
  vertex -0.024494689 -0.115916766 -0.718123078
  vertex -0.0244947299 -0.113790385 -0.715283453
  vertex -0.0244947504 -0.112675235 -0.716681719
  endloop
 endfacet

 facet normal -0.851303279 -0.116747551 -0.511520028
  outer loop
  vertex -0.0189925041 -0.11787121 -0.719681859
  vertex -0.0204946604 -0.117871292 -0.717181861
  vertex -0.0204946753 -0.116786584 -0.717429399
  endloop
 endfacet

 facet normal -0.851294935 -0.524687469 -1.99154165e-05
  outer loop
  vertex -0.0189925041 -0.11787121 -0.719681859
  vertex -0.0204947088 -0.115433931 -0.719125509
  vertex -0.0204946995 -0.115433909 -0.72023809
  endloop
 endfacet

 facet normal -0.851295352 -0.472723663 -0.227659136
  outer loop
  vertex -0.0204947032 -0.115916699 -0.718123078
  vertex -0.0204947088 -0.115433931 -0.719125509
  vertex -0.0189925041 -0.11787121 -0.719681859
  endloop
 endfacet

 facet normal -0.851298988 -0.327139586 -0.410207003
  outer loop
  vertex -0.0204946753 -0.116786584 -0.717429399
  vertex -0.0204947032 -0.115916699 -0.718123078
  vertex -0.0189925041 -0.11787121 -0.719681859
  endloop
 endfacet

 facet normal -0.851303279 -0.116781309 0.511512399
  outer loop
  vertex -0.0189925041 -0.11787121 -0.719681859
  vertex -0.0204946734 -0.116786472 -0.721934259
  vertex -0.0204946548 -0.117871165 -0.722181857
  endloop
 endfacet

 facet normal -0.851298988 -0.327155054 0.410194695
  outer loop
  vertex -0.0204946976 -0.115916617 -0.72124052
  vertex -0.0204946734 -0.116786472 -0.721934259
  vertex -0.0189925041 -0.11787121 -0.719681859
  endloop
 endfacet

 facet normal -0.851296127 -0.472733587 0.227635428
  outer loop
  vertex -0.0204946995 -0.115433909 -0.72023809
  vertex -0.0204946976 -0.115916617 -0.72124052
  vertex -0.0189925041 -0.11787121 -0.719681859
  endloop
 endfacet

 facet normal -0.851314664 0.472691 0.227654144
  outer loop
  vertex -0.0189925041 -0.11787121 -0.719681859
  vertex -0.0204946119 -0.119825773 -0.72124064
  vertex -0.0204946045 -0.120308541 -0.720238209
  endloop
 endfacet

 facet normal -0.851311803 0.327094257 0.41021648
  outer loop
  vertex -0.020494638 -0.118955888 -0.721934319
  vertex -0.0204946119 -0.119825773 -0.72124064
  vertex -0.0189925041 -0.11787121 -0.719681859
  endloop
 endfacet

 facet normal -0.851307333 0.116721913 0.511519015
  outer loop
  vertex -0.0204946548 -0.117871165 -0.722181857
  vertex -0.020494638 -0.118955888 -0.721934319
  vertex -0.0189925041 -0.11787121 -0.719681859
  endloop
 endfacet

 facet normal -0.851311147 0.327115566 -0.410201043
  outer loop
  vertex -0.0189925041 -0.11787121 -0.719681859
  vertex -0.0204946175 -0.119825855 -0.718123198
  vertex -0.0204946399 -0.118956 -0.717429459
  endloop
 endfacet

 facet normal -0.851313531 0.472706199 -0.227627218
  outer loop
  vertex -0.0204946138 -0.120308563 -0.719125628
  vertex -0.0204946175 -0.119825855 -0.718123198
  vertex -0.0189925041 -0.11787121 -0.719681859
  endloop
 endfacet

 facet normal -0.851314604 0.524655581 6.484393e-06
  outer loop
  vertex -0.0204946045 -0.120308541 -0.720238209
  vertex -0.0204946138 -0.120308563 -0.719125628
  vertex -0.0189925041 -0.11787121 -0.719681859
  endloop
 endfacet

 facet normal -0.851306617 0.116748139 -0.511514425
  outer loop
  vertex -0.0204946399 -0.118956 -0.717429459
  vertex -0.0204946604 -0.117871292 -0.717181861
  vertex -0.0189925041 -0.11787121 -0.719681859
  endloop
 endfacet

 facet normal 4.06813569e-06 -0.222539723 0.97492373
  outer loop
  vertex -0.024494661 -0.11787124 -0.722181857
  vertex -0.0204946548 -0.117871165 -0.722181857
  vertex -0.0244946722 -0.116786547 -0.721934259
  endloop
 endfacet

 facet normal 1.19575964e-06 -0.222549736 0.974921346
  outer loop
  vertex -0.0244946722 -0.116786547 -0.721934259
  vertex -0.0204946548 -0.117871165 -0.722181857
  vertex -0.0204946734 -0.116786472 -0.721934259
  endloop
 endfacet

 facet normal 9.01737985e-06 -0.623516917 0.781809926
  outer loop
  vertex -0.0244946722 -0.116786547 -0.721934259
  vertex -0.0204946734 -0.116786472 -0.721934259
  vertex -0.0244946927 -0.115916692 -0.72124052
  endloop
 endfacet

 facet normal 1.31029983e-05 -0.623505473 0.781819046
  outer loop
  vertex -0.0244946927 -0.115916692 -0.72124052
  vertex -0.0204946734 -0.116786472 -0.721934259
  vertex -0.0204946976 -0.115916617 -0.72124052
  endloop
 endfacet

 facet normal 1.73202625e-05 -0.900979221 0.433862329
  outer loop
  vertex -0.0244946927 -0.115916692 -0.72124052
  vertex -0.0204946976 -0.115916617 -0.72124052
  vertex -0.0244946983 -0.115433976 -0.72023809
  endloop
 endfacet

 facet normal 1.65644688e-05 -0.900980413 0.433859944
  outer loop
  vertex -0.0244946983 -0.115433976 -0.72023809
  vertex -0.0204946976 -0.115916617 -0.72124052
  vertex -0.0204946995 -0.115433909 -0.72023809
  endloop
 endfacet

 facet normal 1.81069881e-05 -1 -2.51583806e-05
  outer loop
  vertex -0.0244946983 -0.115433976 -0.72023809
  vertex -0.0204946995 -0.115433909 -0.72023809
  vertex -0.0244946945 -0.115434006 -0.719125509
  endloop
 endfacet

 facet normal 1.81069827e-05 -1 -2.51583951e-05
  outer loop
  vertex -0.0244946945 -0.115434006 -0.719125509
  vertex -0.0204946995 -0.115433909 -0.72023809
  vertex -0.0204947088 -0.115433931 -0.719125509
  endloop
 endfacet

 facet normal 1.65858146e-05 -0.900959373 -0.433903545
  outer loop
  vertex -0.0244946945 -0.115434006 -0.719125509
  vertex -0.0204947088 -0.115433931 -0.719125509
  vertex -0.024494689 -0.115916766 -0.718123078
  endloop
 endfacet

 facet normal 1.65858146e-05 -0.900959373 -0.433903545
  outer loop
  vertex -0.024494689 -0.115916766 -0.718123078
  vertex -0.0204947088 -0.115433931 -0.719125509
  vertex -0.0204947032 -0.115916699 -0.718123078
  endloop
 endfacet

 facet normal 1.17795162e-05 -0.623466074 -0.781850398
  outer loop
  vertex -0.024494689 -0.115916766 -0.718123078
  vertex -0.0204947032 -0.115916699 -0.718123078
  vertex -0.0244946722 -0.116786659 -0.717429399
  endloop
 endfacet

 facet normal 1.23736227e-05 -0.623467803 -0.781849086
  outer loop
  vertex -0.0244946722 -0.116786659 -0.717429399
  vertex -0.0204947032 -0.115916699 -0.718123078
  vertex -0.0204946753 -0.116786584 -0.717429399
  endloop
 endfacet

 facet normal 6.86275325e-06 -0.222500086 -0.974932671
  outer loop
  vertex -0.0244946722 -0.116786659 -0.717429399
  vertex -0.0204946753 -0.116786584 -0.717429399
  vertex -0.0244946666 -0.117871381 -0.717181861
  endloop
 endfacet

 facet normal 6.18150534e-06 -0.222497702 -0.974933267
  outer loop
  vertex -0.0244946666 -0.117871381 -0.717181861
  vertex -0.0204946753 -0.116786584 -0.717429399
  vertex -0.0204946604 -0.117871292 -0.717181861
  endloop
 endfacet

 facet normal -4.89711647e-06 0.222541973 -0.974923074
  outer loop
  vertex -0.0244946666 -0.117871381 -0.717181861
  vertex -0.0204946604 -0.117871292 -0.717181861
  vertex -0.0244946349 -0.118956074 -0.717429459
  endloop
 endfacet

 facet normal -5.36163134e-06 0.222543627 -0.974922776
  outer loop
  vertex -0.0244946349 -0.118956074 -0.717429459
  vertex -0.0204946604 -0.117871292 -0.717181861
  vertex -0.0204946399 -0.118956 -0.717429459
  endloop
 endfacet

 facet normal -1.31031848e-05 0.623516917 -0.781809926
  outer loop
  vertex -0.0244946349 -0.118956074 -0.717429459
  vertex -0.0204946399 -0.118956 -0.717429459
  vertex -0.0244946145 -0.119825922 -0.718123198
  endloop
 endfacet

 facet normal -9.0171452e-06 0.623505473 -0.781819046
  outer loop
  vertex -0.0244946145 -0.119825922 -0.718123198
  vertex -0.0204946399 -0.118956 -0.717429459
  vertex -0.0204946175 -0.119825855 -0.718123198
  endloop
 endfacet

 facet normal -1.50527885e-05 0.900979221 -0.433862329
  outer loop
  vertex -0.0244946145 -0.119825922 -0.718123198
  vertex -0.0204946175 -0.119825855 -0.718123198
  vertex -0.0244946089 -0.120308638 -0.719125628
  endloop
 endfacet

 facet normal -1.58086295e-05 0.900980413 -0.433859944
  outer loop
  vertex -0.0244946089 -0.120308638 -0.719125628
  vertex -0.0204946175 -0.119825855 -0.718123198
  vertex -0.0204946138 -0.120308563 -0.719125628
  endloop
 endfacet

 facet normal -1.81069845e-05 1 2.51583806e-05
  outer loop
  vertex -0.0244946089 -0.120308638 -0.719125628
  vertex -0.0204946138 -0.120308563 -0.719125628
  vertex -0.0244946126 -0.120308608 -0.720238209
  endloop
 endfacet

 facet normal -1.81069881e-05 1 2.51583951e-05
  outer loop
  vertex -0.0244946126 -0.120308608 -0.720238209
  vertex -0.0204946138 -0.120308563 -0.719125628
  vertex -0.0204946045 -0.120308541 -0.720238209
  endloop
 endfacet

 facet normal -1.62964843e-05 0.900959373 0.433903545
  outer loop
  vertex -0.0244946126 -0.120308608 -0.720238209
  vertex -0.0204946045 -0.120308541 -0.720238209
  vertex -0.0244946182 -0.119825847 -0.72124064
  endloop
 endfacet

 facet normal -1.62964843e-05 0.900959373 0.433903545
  outer loop
  vertex -0.0244946182 -0.119825847 -0.72124064
  vertex -0.0204946045 -0.120308541 -0.720238209
  vertex -0.0204946119 -0.119825773 -0.72124064
  endloop
 endfacet

 facet normal -1.12581347e-05 0.623466074 0.781850398
  outer loop
  vertex -0.0244946182 -0.119825847 -0.72124064
  vertex -0.0204946119 -0.119825773 -0.72124064
  vertex -0.0244946331 -0.118955962 -0.721934319
  endloop
 endfacet

 facet normal -1.066409e-05 0.623467803 0.781849086
  outer loop
  vertex -0.0244946331 -0.118955962 -0.721934319
  vertex -0.0204946119 -0.119825773 -0.72124064
  vertex -0.020494638 -0.118955888 -0.721934319
  endloop
 endfacet

 facet normal -1.76775791e-06 0.222497806 0.974933267
  outer loop
  vertex -0.0244946331 -0.118955962 -0.721934319
  vertex -0.020494638 -0.118955888 -0.721934319
  vertex -0.024494661 -0.11787124 -0.722181857
  endloop
 endfacet

 facet normal -2.50851053e-06 0.222495228 0.974933803
  outer loop
  vertex -0.024494661 -0.11787124 -0.722181857
  vertex -0.020494638 -0.118955888 -0.721934319
  vertex -0.0204946548 -0.117871165 -0.722181857
  endloop
 endfacet

 facet normal 2.08388701e-05 -1 -2.51583951e-05
  outer loop
  vertex 0.011505411 -0.121870808 -0.712493956
  vertex 0.00650541298 -0.121870905 -0.712493956
  vertex 0.0115054157 -0.121870704 -0.716681957
  endloop
 endfacet

 facet normal 2.08388701e-05 -1 -2.51583951e-05
  outer loop
  vertex 0.0115054157 -0.121870704 -0.716681957
  vertex 0.00650541298 -0.121870905 -0.712493956
  vertex 0.00650542416 -0.121870756 -0.718339384
  endloop
 endfacet

 facet normal 2.08388774e-05 -1 -2.81552675e-05
  outer loop
  vertex 0.0115054157 -0.121870704 -0.716681957
  vertex 0.00650542416 -0.121870756 -0.718339384
  vertex 0.0113671124 -0.121870652 -0.718339384
  endloop
 endfacet

 facet normal -1.69708272e-07 -2.91228116e-05 1
  outer loop
  vertex 0.00650526164 -0.113870755 -0.718339145
  vertex 0.0113669587 -0.113870665 -0.718339145
  vertex 0.00650522299 -0.111570746 -0.718339086
  endloop
 endfacet

 facet normal 4.55440329e-07 -2.78013249e-05 1
  outer loop
  vertex 0.00650522299 -0.111570746 -0.718339086
  vertex 0.0113669587 -0.113870665 -0.718339145
  vertex 0.0113669084 -0.111570656 -0.718339086
  endloop
 endfacet

 facet normal -1.87672595e-05 1 2.51584024e-05
  outer loop
  vertex 0.00650522299 -0.111570746 -0.718339086
  vertex 0.0113669084 -0.111570656 -0.718339086
  vertex 0.00650522439 -0.111570731 -0.718764544
  endloop
 endfacet

 facet normal -1.874995e-05 1 2.4960571e-05
  outer loop
  vertex 0.00650522439 -0.111570731 -0.718764544
  vertex 0.0113669084 -0.111570656 -0.718339086
  vertex 0.0112859067 -0.111570641 -0.718764544
  endloop
 endfacet

 facet normal -1.37809102e-05 0.707118034 0.707095563
  outer loop
  vertex 0.00650522439 -0.111570731 -0.718764544
  vertex 0.0112859067 -0.111570641 -0.718764544
  vertex 0.00650522253 -0.111370742 -0.718964517
  endloop
 endfacet

 facet normal -1.29688806e-05 0.70712775 0.707085848
  outer loop
  vertex 0.00650522253 -0.111370742 -0.718964517
  vertex 0.0112859067 -0.111570641 -0.718764544
  vertex 0.0112411641 -0.111370653 -0.718964517
  endloop
 endfacet

 facet normal 1.34574384e-05 -0.70711112 0.707102478
  outer loop
  vertex 0.00650547352 -0.124370739 -0.718964875
  vertex 0.0112414146 -0.124370649 -0.718964875
  vertex 0.00650545489 -0.124170735 -0.718764842
  endloop
 endfacet

 facet normal 1.13386759e-05 -0.707136273 0.707077324
  outer loop
  vertex 0.00650545489 -0.124170735 -0.718764842
  vertex 0.0112414146 -0.124370649 -0.718964875
  vertex 0.0112861488 -0.124170646 -0.718764842
  endloop
 endfacet

 facet normal 1.87153346e-05 -1 -2.51583369e-05
  outer loop
  vertex 0.00650545489 -0.124170735 -0.718764842
  vertex 0.0112861488 -0.124170646 -0.718764842
  vertex 0.00650546281 -0.12417075 -0.718339443
  endloop
 endfacet

 facet normal 1.87326441e-05 -1 -2.49638215e-05
  outer loop
  vertex 0.00650546281 -0.12417075 -0.718339443
  vertex 0.0112861488 -0.124170646 -0.718764842
  vertex 0.0113671506 -0.124170661 -0.718339443
  endloop
 endfacet

 facet normal -2.59391209e-06 -2.91228753e-05 1
  outer loop
  vertex 0.00650546281 -0.12417075 -0.718339443
  vertex 0.0113671506 -0.124170661 -0.718339443
  vertex 0.00650542416 -0.121870756 -0.718339384
  endloop
 endfacet

 facet normal -2.59390799e-06 -2.9122868e-05 1
  outer loop
  vertex 0.00650542416 -0.121870756 -0.718339384
  vertex 0.0113671506 -0.124170661 -0.718339443
  vertex 0.0113671124 -0.121870652 -0.718339384
  endloop
 endfacet

 facet normal 1 2.0359028e-05 1.38275288e-06
  outer loop
  vertex 0.0115052741 -0.113870703 -0.716681719
  vertex 0.0115052499 -0.113871157 -0.69923389
  vertex 0.0115054129 -0.121871158 -0.699234068
  endloop
 endfacet

 facet normal 1 1.93796077e-05 9.33649062e-07
  outer loop
  vertex 0.0115054129 -0.121871158 -0.699234068
  vertex 0.0115054129 -0.121870905 -0.708680153
  vertex 0.0115052741 -0.113870703 -0.716681719
  endloop
 endfacet

 facet normal 1 1.82465701e-05 3.30954208e-07
  outer loop
  vertex 0.0115052741 -0.113870703 -0.716681719
  vertex 0.0115054129 -0.121870905 -0.708680153
  vertex 0.011505411 -0.121870808 -0.712493956
  endloop
 endfacet

 facet normal 1 1.83549964e-05 6.77957985e-07
  outer loop
  vertex 0.0115052741 -0.113870703 -0.716681719
  vertex 0.011505411 -0.121870808 -0.712493956
  vertex 0.0115054157 -0.121870704 -0.716681957
  endloop
 endfacet

 facet normal -0.0978422761 -2.75764614e-05 0.995202005
  outer loop
  vertex 0.000533148297 -0.121871635 -0.689234078
  vertex 0.000533006329 -0.113871634 -0.689233899
  vertex -0.001414472 -0.113871656 -0.689425349
  endloop
 endfacet

 facet normal -0.0978422761 -2.75764614e-05 0.995202005
  outer loop
  vertex 0.000533148297 -0.121871635 -0.689234078
  vertex -0.001414472 -0.113871656 -0.689425349
  vertex -0.00141433009 -0.121871658 -0.689425528
  endloop
 endfacet

 facet normal -0.289788425 -2.99932053e-05 0.957090735
  outer loop
  vertex -0.00141433009 -0.121871658 -0.689425528
  vertex -0.001414472 -0.113871656 -0.689425349
  vertex -0.00328738801 -0.113871679 -0.689992428
  endloop
 endfacet

 facet normal -0.289787561 -2.97718761e-05 0.957090974
  outer loop
  vertex -0.00141433009 -0.121871658 -0.689425528
  vertex -0.00328738801 -0.113871679 -0.689992428
  vertex -0.00328723411 -0.12187168 -0.689992607
  endloop
 endfacet

 facet normal -0.470627159 -3.09489769e-05 0.882332206
  outer loop
  vertex -0.00328723411 -0.12187168 -0.689992607
  vertex -0.00328738801 -0.113871679 -0.689992428
  vertex -0.0050139972 -0.113871679 -0.690913379
  endloop
 endfacet

 facet normal -0.470627159 -3.09489769e-05 0.882332206
  outer loop
  vertex -0.00328723411 -0.12187168 -0.689992607
  vertex -0.0050139972 -0.113871679 -0.690913379
  vertex -0.00501384307 -0.12187168 -0.690913558
  endloop
 endfacet

 facet normal -0.995174408 -2.28412373e-05 0.0981215909
  outer loop
  vertex -0.0174947493 -0.113871567 -0.704585731
  vertex -0.0174945854 -0.121871568 -0.70458591
  vertex -0.0173020307 -0.121871613 -0.702632964
  endloop
 endfacet

 facet normal -0.995174408 -2.28412355e-05 0.0981215909
  outer loop
  vertex -0.0174947493 -0.113871567 -0.704585731
  vertex -0.0173020307 -0.121871613 -0.702632964
  vertex -0.0173021927 -0.113871627 -0.702632785
  endloop
 endfacet

 facet normal -0.956850708 -2.71223034e-05 0.290579975
  outer loop
  vertex -0.0173021927 -0.113871627 -0.702632785
  vertex -0.0173020307 -0.121871613 -0.702632964
  vertex -0.0167317856 -0.121871658 -0.700755239
  endloop
 endfacet

 facet normal -0.956850052 -2.66161151e-05 0.290581912
  outer loop
  vertex -0.0173021927 -0.113871627 -0.702632785
  vertex -0.0167317856 -0.121871658 -0.700755239
  vertex -0.0167319402 -0.113871656 -0.700755
  endloop
 endfacet

 facet normal -0.881673455 -2.86590403e-05 0.471860051
  outer loop
  vertex -0.0167319402 -0.113871656 -0.700755
  vertex -0.0167317856 -0.121871658 -0.700755239
  vertex -0.0158058014 -0.12187168 -0.699025035
  endloop
 endfacet

 facet normal -0.881674051 -2.89720156e-05 0.471858948
  outer loop
  vertex -0.0167319402 -0.113871656 -0.700755
  vertex -0.0158058014 -0.12187168 -0.699025035
  vertex -0.0158059523 -0.113871679 -0.699024796
  endloop
 endfacet

 facet normal -0.772546887 -3.20121362e-05 0.634957671
  outer loop
  vertex -0.0158059523 -0.113871679 -0.699024796
  vertex -0.0158058014 -0.12187168 -0.699025035
  vertex -0.0145597458 -0.121871695 -0.697508931
  endloop
 endfacet

 facet normal -0.772546887 -3.20121362e-05 0.634957671
  outer loop
  vertex -0.0158059523 -0.113871679 -0.699024796
  vertex -0.0145597458 -0.121871695 -0.697508931
  vertex -0.0145598967 -0.113871694 -0.697508752
  endloop
 endfacet

 facet normal -0.633667588 -3.31934934e-05 0.773605525
  outer loop
  vertex -0.0145598967 -0.113871694 -0.697508752
  vertex -0.0145597458 -0.121871695 -0.697508931
  vertex -0.0130415941 -0.12187171 -0.696265399
  endloop
 endfacet

 facet normal -0.633665681 -3.25901165e-05 0.773607016
  outer loop
  vertex -0.0145598967 -0.113871694 -0.697508752
  vertex -0.0130415941 -0.12187171 -0.696265399
  vertex -0.0130417477 -0.113871709 -0.696265221
  endloop
 endfacet

 facet normal 0.996536076 1.98439138e-05 -0.0831630826
  outer loop
  vertex 0.0115052741 -0.113870703 -0.716681719
  vertex 0.0115054157 -0.121870704 -0.716681957
  vertex 0.0113669587 -0.113870665 -0.718339145
  endloop
 endfacet

 facet normal 0.996536195 2.03016334e-05 -0.0831608921
  outer loop
  vertex 0.0113669587 -0.113870665 -0.718339145
  vertex 0.0115054157 -0.121870704 -0.716681957
  vertex 0.0113671124 -0.121870652 -0.718339384
  endloop
 endfacet

 facet normal 0.982351303 2.18604837e-05 -0.18704538
  outer loop
  vertex 0.0113671124 -0.121870652 -0.718339384
  vertex 0.0113671506 -0.124170661 -0.718339443
  vertex 0.0112861488 -0.124170646 -0.718764842
  endloop
 endfacet

 facet normal 0.982351303 2.61527293e-05 -0.18704538
  outer loop
  vertex 0.0113669084 -0.111570656 -0.718339086
  vertex 0.0113669587 -0.113870665 -0.718339145
  vertex 0.0112859067 -0.111570641 -0.718764544
  endloop
 endfacet

 facet normal 0.98234868 2.35237731e-05 -0.18705909
  outer loop
  vertex 0.0112859067 -0.111570641 -0.718764544
  vertex 0.0113669587 -0.113870665 -0.718339145
  vertex 0.0113671124 -0.121870652 -0.718339384
  endloop
 endfacet

 facet normal 0.975584269 -0.00137387787 -0.219620809
  outer loop
  vertex 0.0112859067 -0.111570641 -0.718764544
  vertex 0.0113671124 -0.121870652 -0.718339384
  vertex 0.0112411641 -0.111370653 -0.718964517
  endloop
 endfacet

 facet normal 0.981878698 0.000494414824 -0.189509898
  outer loop
  vertex 0.0112411641 -0.111370653 -0.718964517
  vertex 0.0113671124 -0.121870652 -0.718339384
  vertex 0.0112861488 -0.124170646 -0.718764842
  endloop
 endfacet

 facet normal 0.975885034 2.44518633e-05 -0.218285143
  outer loop
  vertex 0.0112861488 -0.124170646 -0.718764842
  vertex 0.0112414146 -0.124370649 -0.718964875
  vertex 0.0112411641 -0.111370653 -0.718964517
  endloop
 endfacet

 facet normal 0.942900777 2.6759546e-05 -0.333074003
  outer loop
  vertex 0.0112411641 -0.111370653 -0.718964517
  vertex 0.0112414146 -0.124370649 -0.718964875
  vertex 0.0105151515 -0.124370597 -0.721020818
  endloop
 endfacet

 facet normal 0.942901313 2.64384071e-05 -0.333072215
  outer loop
  vertex 0.0112411641 -0.111370653 -0.718964517
  vertex 0.0105151515 -0.124370597 -0.721020818
  vertex 0.0105149094 -0.111370601 -0.72102052
  endloop
 endfacet

 facet normal 0.846730828 2.89294585e-05 -0.532021463
  outer loop
  vertex 0.0105149094 -0.111370601 -0.72102052
  vertex 0.0105151515 -0.124370597 -0.721020818
  vertex 0.00932379626 -0.124370575 -0.722916901
  endloop
 endfacet

 facet normal 0.846724212 3.10820542e-05 -0.532032132
  outer loop
  vertex 0.0105149094 -0.111370601 -0.72102052
  vertex 0.00932379626 -0.124370575 -0.722916901
  vertex 0.00932353549 -0.111370578 -0.722916603
  endloop
 endfacet

 facet normal 0.707104802 3.29372488e-05 -0.707108855
  outer loop
  vertex 0.00932353549 -0.111370578 -0.722916603
  vertex 0.00932379626 -0.124370575 -0.722916901
  vertex 0.0077403686 -0.124370568 -0.724500358
  endloop
 endfacet

 facet normal 0.707104981 3.28888855e-05 -0.707108676
  outer loop
  vertex 0.00932353549 -0.111370578 -0.722916603
  vertex 0.0077403686 -0.124370568 -0.724500358
  vertex 0.0077401204 -0.111370571 -0.7245
  endloop
 endfacet

 facet normal 0.532027125 3.3252345e-05 -0.846727371
  outer loop
  vertex 0.0077401204 -0.111370571 -0.7245
  vertex 0.0077403686 -0.124370568 -0.724500358
  vertex 0.00584430993 -0.124370568 -0.725691676
  endloop
 endfacet

 facet normal 0.532038808 3.08592207e-05 -0.84671998
  outer loop
  vertex 0.0077401204 -0.111370571 -0.7245
  vertex 0.00584430993 -0.124370568 -0.725691676
  vertex 0.00584406825 -0.111370571 -0.725691378
  endloop
 endfacet

 facet normal 0.330288023 2.95078862e-05 -0.9438802
  outer loop
  vertex 0.00584406825 -0.111370571 -0.725691378
  vertex 0.00584430993 -0.124370568 -0.725691676
  vertex 0.00373068918 -0.124370597 -0.72643131
  endloop
 endfacet

 facet normal 0.330276132 3.16825244e-05 -0.943884373
  outer loop
  vertex 0.00584406825 -0.111370571 -0.725691378
  vertex 0.00373068918 -0.124370597 -0.72643131
  vertex 0.00373042887 -0.111370601 -0.726430953
  endloop
 endfacet

 facet normal 0.111957848 2.86354916e-05 -0.993712902
  outer loop
  vertex 0.00373042887 -0.111370601 -0.726430953
  vertex 0.00373068918 -0.124370597 -0.72643131
  vertex 0.0015054656 -0.12437062 -0.726682007
  endloop
 endfacet

 facet normal 0.111958586 2.85075257e-05 -0.993712842
  outer loop
  vertex 0.00373042887 -0.111370601 -0.726430953
  vertex 0.0015054656 -0.12437062 -0.726682007
  vertex 0.00150522625 -0.111370623 -0.72668165
  endloop
 endfacet

 facet normal 0.993712366 1.72866185e-05 0.111963511
  outer loop
  vertex 0.0115054129 -0.121871158 -0.699234068
  vertex 0.0115052499 -0.113871157 -0.69923389
  vertex 0.0112545304 -0.113871217 -0.697008669
  endloop
 endfacet

 facet normal 0.993712127 1.67560411e-05 0.111965388
  outer loop
  vertex 0.0115054129 -0.121871158 -0.699234068
  vertex 0.0112545304 -0.113871217 -0.697008669
  vertex 0.0112546813 -0.121871218 -0.697008848
  endloop
 endfacet

 facet normal 0.943882942 8.76382728e-06 0.330280125
  outer loop
  vertex 0.0112546813 -0.121871218 -0.697008848
  vertex 0.0112545304 -0.113871217 -0.697008669
  vertex 0.0105149411 -0.113871284 -0.694895029
  endloop
 endfacet

 facet normal 0.943883419 9.15645069e-06 0.330278814
  outer loop
  vertex 0.0112546813 -0.121871218 -0.697008848
  vertex 0.0105149411 -0.113871284 -0.694895029
  vertex 0.0105150947 -0.121871285 -0.694895208
  endloop
 endfacet

 facet normal 0.846723497 3.06572701e-06 0.532033205
  outer loop
  vertex 0.0105150947 -0.121871285 -0.694895208
  vertex 0.0105149411 -0.113871284 -0.694895029
  vertex 0.00932356343 -0.113871358 -0.692998946
  endloop
 endfacet

 facet normal 0.846723497 3.06572701e-06 0.532033205
  outer loop
  vertex 0.0105150947 -0.121871285 -0.694895208
  vertex 0.00932356343 -0.113871358 -0.692998946
  vertex 0.00932371709 -0.12187136 -0.692999184
  endloop
 endfacet

 facet normal 0.707108855 -3.96371024e-06 0.707104802
  outer loop
  vertex 0.00932371709 -0.12187136 -0.692999184
  vertex 0.00932356343 -0.113871358 -0.692998946
  vertex 0.00774014462 -0.113871433 -0.691415548
  endloop
 endfacet

 facet normal 0.707107067 -4.65826997e-06 0.707106531
  outer loop
  vertex 0.00932371709 -0.12187136 -0.692999184
  vertex 0.00774014462 -0.113871433 -0.691415548
  vertex 0.00774029596 -0.121871434 -0.691415787
  endloop
 endfacet

 facet normal 0.532032132 -1.31844881e-05 0.846724212
  outer loop
  vertex 0.00774029596 -0.121871434 -0.691415787
  vertex 0.00774014462 -0.113871433 -0.691415548
  vertex 0.00584408501 -0.113871507 -0.690224171
  endloop
 endfacet

 facet normal 0.532032132 -1.3184489e-05 0.846724212
  outer loop
  vertex 0.00774029596 -0.121871434 -0.691415787
  vertex 0.00584408501 -0.113871507 -0.690224171
  vertex 0.00584423589 -0.121871494 -0.690224409
  endloop
 endfacet

 facet normal 0.330274284 -1.96607543e-05 0.943885028
  outer loop
  vertex 0.00584423589 -0.121871494 -0.690224409
  vertex 0.00584408501 -0.113871507 -0.690224171
  vertex 0.00373045565 -0.113871552 -0.689484596
  endloop
 endfacet

 facet normal 0.330277115 -1.88018421e-05 0.943884015
  outer loop
  vertex 0.00584423589 -0.121871494 -0.690224409
  vertex 0.00373045565 -0.113871552 -0.689484596
  vertex 0.00373060931 -0.121871553 -0.689484775
  endloop
 endfacet

 facet normal 0.111964159 -2.25169861e-05 0.993712306
  outer loop
  vertex 0.00373060931 -0.121871553 -0.689484775
  vertex 0.00373045565 -0.113871552 -0.689484596
  vertex 0.00150525221 -0.113871612 -0.689233899
  endloop
 endfacet

 facet normal 0.111962631 -2.29495345e-05 0.993712425
  outer loop
  vertex 0.00373060931 -0.121871553 -0.689484775
  vertex 0.00150525221 -0.113871612 -0.689233899
  vertex 0.00150539412 -0.121871613 -0.689234078
  endloop
 endfacet

endsolid AssimpScene
